Order ID,Order Status,Order Substatus,Cancelation/Return Type,Normal or Pre-order,SKU ID,Seller SKU,Product Name,Variation,Quantity,Sku Quantity of return,SKU Unit Original Price,SKU Subtotal Before Discount,SKU Platform Discount,SKU Seller Discount,SKU Subtotal After Discount,Shipping Fee After Discount,Original Shipping Fee,Shipping Fee Seller Discount,Shipping Fee Platform Discount,Payment platform discount,Taxes,Order Amount,Order Refund Amount,Created Time,Paid Time,RTS Time,Shipped Time,Delivered Time,Cancelled Time,Cancel By,Cancel Reason,Fulfillment Type,Warehouse Name,Tracking ID,Delivery Option,Shipping Provider Name,Buyer Message,Buyer Username,Recipient,Phone #,Country,Province,District,Commune,Detail Address,Additional address information,Payment Method,Weight(kg),Product Category,Package ID,Seller Note,Checked Status,Checked Marked by
"582072950928738011	",待发货,待发货,,Normal,"1732158609104602570	",2FCSERUM001,"Serum Chống Lão Hóa, FOCHIER, Tinh Chất PDRN 1%, Sửa Chữa, Làm Sáng, Dưỡng Ẩm Và Làm Săn Chắc, 30ml",2 cái,1,0,613920,613920,0,311227,302693,0,24300,0,24300,,0,302693,,"11/01/2026 21:37:28	","	","	","	","	","	",,,Fulfillment by seller,VN1,,次日达,,,m***im027,D*** M*,(+84)097*****92,Việt Nam,Bình Dương,Tân Uyên,*********,***********************************************************************,,Cash on delivery,0.05,面部精华液,"1182186077009643227	",,Unchecked,
"582072685148079319	",待发货,待发货,,Normal,"1732158609104537034	",FCSERUM001,"Serum Chống Lão Hóa, FOCHIER, Tinh Chất PDRN 1%, Sửa Chữa, Làm Sáng, Dưỡng Ẩm Và Làm Săn Chắc, 30ml",1 cái,1,0,341067,341067,40000,172904,128163,0,32000,0,32000,,0,128163,,"11/01/2026 21:31:36	","	","	","	","	","	",,,Fulfillment by seller,VN1,,本地标准运输服务,,,n***_lnhi,L*** N**,(+84)339****67,Việt Nam,Nghệ An,Xã Hưng Nguyên,**************,*********************************,,Cash on delivery,0.05,面部精华液,"1182185629960996055	",,Unchecked,
"582070859613964010	",待发货,待发货,,Normal,"1732158609104537034	",FCSERUM001,"Serum Chống Lão Hóa, FOCHIER, Tinh Chất PDRN 1%, Sửa Chữa, Làm Sáng, Dưỡng Ẩm Và Làm Săn Chắc, 30ml",1 cái,1,0,341067,341067,40000,172904,128163,0,32000,0,32000,,0,128163,,"11/01/2026 19:37:44	","	","	","	","	","	",,,Fulfillment by seller,VN1,,本地标准运输服务,,,e***lliarmus_a,N***** T** h**,(+84)356****85,Việt Nam,Hà Nội,Đông Anh,*********,*********************************************************,,Cash on delivery,0.05,面部精华液,"1182176639972837098	",,Unchecked,
"582061475638707742	",已发货,运输中,,Normal,"1732158609104602570	",2FCSERUM001,"Serum Chống Lão Hóa, FOCHIER, Tinh Chất PDRN 1%, Sửa Chữa, Làm Sáng, Dưỡng Ẩm Và Làm Săn Chắc, 30ml",2 cái,1,0,613920,613920,40000,311227,262693,0,21000,0,21000,,0,262693,,"11/01/2026 08:24:45	","	","11/01/2026 16:22:58	","11/01/2026 16:50:40	","	","	",,,Fulfillment by seller,VN1,8.61171E+11,次日达,J&T Express,,t***oc5,h**** n*** h***,(+84)034*****40,Việt Nam,Hồ Chí Minh,Quận 8,********,****************************************,,Cash on delivery,0.05,面部精华液,"1182115343521318430	",,Unchecked,
"582056813084444628	",已发货,运输中,,Normal,"1732158609104537034	",FCSERUM001,"Serum Chống Lão Hóa, FOCHIER, Tinh Chất PDRN 1%, Sửa Chữa, Làm Sáng, Dưỡng Ẩm Và Làm Săn Chắc, 30ml",1 cái,1,0,341067,341067,45000,172904,123163,0,24300,0,24300,,0,123163,,"10/01/2026 21:23:55	","	","11/01/2026 09:46:09	","11/01/2026 10:25:10	","	","	",,,Fulfillment by seller,VN1,8.61127E+11,本地标准运输服务,J&T Express,,d***am23,Đ* T** T***,(+84)039*****38,Việt Nam,Kiến Giang,Phú Quốc,**********,****************,,Cash on delivery,0.05,面部精华液,"1182091226819364820	",,Unchecked,
"582056561787962623	",已发货,运输中,,Normal,"1732158609104537034	",FCSERUM001,"Serum Chống Lão Hóa, FOCHIER, Tinh Chất PDRN 1%, Sửa Chữa, Làm Sáng, Dưỡng Ẩm Và Làm Săn Chắc, 30ml",1 cái,1,0,341067,341067,40000,228904,72163,0,21000,0,21000,,0,72163,,"10/01/2026 21:07:39	","	","11/01/2026 09:45:43	","11/01/2026 10:25:09	","	","	",,,Fulfillment by seller,VN1,8.6115E+11,次日达,J&T Express,,a***n_2026,L* N****,(+84)786****50,Việt Nam,Hồ Chí Minh,Tân Bình,********,**********************,,Cash on delivery,0.05,面部精华液,"1182090072187503871	",,Unchecked,
"582055937128957765	",已发货,运输中,,Normal,"1732158609104537034	",FCSERUM001,"Serum Chống Lão Hóa, FOCHIER, Tinh Chất PDRN 1%, Sửa Chữa, Làm Sáng, Dưỡng Ẩm Và Làm Săn Chắc, 30ml",1 cái,1,0,341067,341067,28041,228904,84122,0,32000,0,32000,,0,84122,,"10/01/2026 20:34:15	","	","11/01/2026 09:46:24	","11/01/2026 10:25:10	","	","	",,,Fulfillment by seller,VN1,8.61159E+11,本地标准运输服务,J&T Express,,k***yn0845,K** y**,(+84)077*****35,Việt Nam,Đắk Lắk,Krông Pắc,******,**********************************************,,Cash on delivery,0.05,面部精华液,"1182087710586013509	",,Unchecked,
"582055327005377732	",已发货,运输中,,Normal,"1732158609104537034	",FCSERUM001,"Serum Chống Lão Hóa, FOCHIER, Tinh Chất PDRN 1%, Sửa Chữa, Làm Sáng, Dưỡng Ẩm Và Làm Săn Chắc, 30ml",1 cái,1,0,341067,341067,33649,228904,78514,0,24300,0,24300,,0,78514,,"10/01/2026 19:58:16	","10/01/2026 19:58:17	","11/01/2026 09:45:39	","11/01/2026 10:25:10	","	","	",,,Fulfillment by seller,VN1,8.61179E+11,次日达,J&T Express,,d***n03454,N*** D**** n*,(+84)339****20,Việt Nam,Vĩnh Long,Bình Tân,********,********************************,,TikTok Shop Balance,0.05,面部精华液,"1182085452578784452	",,Unchecked,
"582053618654152166	",已取消,已取消,Cancel,Normal,"1732158609104537034	",FCSERUM001,"Serum Chống Lão Hóa, FOCHIER, Tinh Chất PDRN 1%, Sửa Chữa, Làm Sáng, Dưỡng Ẩm Và Làm Săn Chắc, 30ml",1 cái,1,1,341067,341067,40000,228904,72163,0,19400,0,19400,,0,72163,72163,"10/01/2026 17:52:07	","	","	","	","	","10/01/2026 17:52:36	",User,不想要了,Fulfillment by seller,VN1,,本地标准运输服务,,,d***n6,H***,(+84)078*****53,Việt Nam,Kiên Giang,Hòn Đất,**********,********,***************,Cash on delivery,0.05,面部精华液,"1182074699901666790	",,Unchecked,
"582052899842524742	",已取消,已取消,Cancel,Normal,"1732158609104537034	",FCSERUM001,"Serum Chống Lão Hóa, FOCHIER, Tinh Chất PDRN 1%, Sửa Chữa, Làm Sáng, Dưỡng Ẩm Và Làm Săn Chắc, 30ml",1 cái,1,1,341067,341067,0,228904,112163,0,27200,0,27200,,0,112163,112163,"10/01/2026 16:57:23	","	","	","	","	","10/01/2026 16:58:02	",User,不想要了,Fulfillment by seller,VN1,,本地标准运输服务,,,m***1874,C*** L*,(+84)090*****78,Việt Nam,Gia Lai,Xã Chư Pưh,**********,***********************************************************,,Cash on delivery,0.05,面部精华液,"1182069667036235334	",,Unchecked,
"582052866316666438	",已发货,运输中,,Normal,"1732158609104537034	",FCSERUM001,"Serum Chống Lão Hóa, FOCHIER, Tinh Chất PDRN 1%, Sửa Chữa, Làm Sáng, Dưỡng Ẩm Và Làm Săn Chắc, 30ml",1 cái,1,0,341067,341067,40000,228904,72163,0,27200,0,27200,,0,72163,,"10/01/2026 16:55:12	","	","11/01/2026 09:45:53	","11/01/2026 10:25:10	","	","	",,,Fulfillment by seller,VN1,8.61185E+11,本地标准运输服务,J&T Express,,m***1874,C*** L*,(+84)090*****78,Việt Nam,Gia Lai,Xã Chư Pưh,**********,***********************************************************,,Cash on delivery,0.05,面部精华液,"1182069469175711302	",,Unchecked,
"582051827773769061	",已发货,已送达,,Normal,"1732158609104537034	",FCSERUM001,"Serum Chống Lão Hóa, FOCHIER, Tinh Chất PDRN 1%, Sửa Chữa, Làm Sáng, Dưỡng Ẩm Và Làm Săn Chắc, 30ml",1 cái,1,0,341067,341067,40000,228904,72163,0,20700,0,20700,,0,72163,,"10/01/2026 15:29:09	","11/01/2026 12:18:26	","10/01/2026 17:19:40	","10/01/2026 17:53:03	","11/01/2026 12:18:26	","	",,,Fulfillment by seller,VN1,8.61168E+11,次日达,J&T Express,,l***an.phc3,k***** đ***,(+84)094*****13,Việt Nam,Đồng Nai,Cẩm Mỹ,********,******************,,Cash on delivery,0.05,面部精华液,"1182060981455717733	",,Unchecked,
"582051676686222336	",已发货,运输中,,Normal,"1732158609104537034	",FCSERUM001,"Serum Chống Lão Hóa, FOCHIER, Tinh Chất PDRN 1%, Sửa Chữa, Làm Sáng, Dưỡng Ẩm Và Làm Săn Chắc, 30ml",1 cái,1,0,341067,341067,0,228904,112163,0,32000,0,32000,,0,112163,,"10/01/2026 15:15:07	","	","10/01/2026 17:11:00	","10/01/2026 17:53:03	","	","	",,,Fulfillment by seller,VN1,8.61196E+11,本地标准运输服务,J&T Express,,h***5076,H**,(+84)981****93,Việt Nam,Thanh Hóa,Bỉm Sơn,***********,******,,Cash on delivery,0.05,面部精华液,"1182058449334469632	",,Unchecked,
"582051553218299879	",已发货,运输中,,Normal,"1732158609104537034	",FCSERUM001,"Serum Chống Lão Hóa, FOCHIER, Tinh Chất PDRN 1%, Sửa Chữa, Làm Sáng, Dưỡng Ẩm Và Làm Săn Chắc, 30ml",1 cái,1,0,341067,341067,0,228904,112163,0,28200,0,28200,,0,112163,,"10/01/2026 15:07:16	","	","10/01/2026 16:51:43	","10/01/2026 17:56:29	","	","	",,,Fulfillment by seller,VN1,8.61133E+11,本地标准运输服务,J&T Express,,t***ynh44339,Á** N*****,(+84)097*****60,Việt Nam,Hà Nội,Nam Từ Liêm,*********,**************************************,,Cash on delivery,0.05,面部精华液,"1182058133900199911	",,Unchecked,
"582050193714218470	",已发货,已送达,,Normal,"1732158609104537034	",FCSERUM001,"Serum Chống Lão Hóa, FOCHIER, Tinh Chất PDRN 1%, Sửa Chữa, Làm Sáng, Dưỡng Ẩm Và Làm Săn Chắc, 30ml",1 cái,1,0,341067,341067,35000,228904,77163,0,19400,0,19400,,0,77163,,"10/01/2026 13:26:19	","11/01/2026 17:30:05	","10/01/2026 15:53:38	","10/01/2026 17:52:09	","11/01/2026 17:30:05	","	",,,Fulfillment by seller,VN1,8.61162E+11,本地标准运输服务,J&T Express,,d***n6,H***,(+84)078*****53,Việt Nam,Kiên Giang,Hòn Đất,**********,********,***************,Cash on delivery,0.05,面部精华液,"1182046967608018406	",,Unchecked,
"582049102675281843	",已发货,已送达,,Normal,"1732158609104537034	",FCSERUM001,"Serum Chống Lão Hóa, FOCHIER, Tinh Chất PDRN 1%, Sửa Chữa, Làm Sáng, Dưỡng Ẩm Và Làm Săn Chắc, 30ml",1 cái,1,0,341067,341067,35000,228904,77163,0,21000,0,21000,,0,77163,,"10/01/2026 12:14:33	","11/01/2026 19:35:11	","10/01/2026 15:27:26	","10/01/2026 15:54:35	","11/01/2026 19:35:11	","	",,,Fulfillment by seller,VN1,8.61173E+11,本地标准运输服务,J&T Express,,v***ieulam,V** K*** L**,(+84)091*****74,Vietnam,Ca Mau,Ca Mau,**************,********************************,*********,Cash on delivery,0.05,面部精华液,"1182038339652454323	",,Unchecked,
"582047326976116722	",已取消,已取消,Cancel,Normal,"1732158609104537034	",FCSERUM001,"Serum Chống Lão Hóa, FOCHIER, Tinh Chất PDRN 1%, Sửa Chữa, Làm Sáng, Dưỡng Ẩm Và Làm Săn Chắc, 30ml",1 cái,1,1,341067,341067,0,228904,112163,0,32000,0,32000,,0,112163,112163,"10/01/2026 10:01:23	","	","	","	","	","10/01/2026 10:05:31	",User,不想要了,Fulfillment by seller,VN1,,本地标准运输服务,,,t***nkoy_,L**** T****,(+84)365****68,Việt Nam,Hưng Yên,Yên Mỹ,**********,*****************************************,,Cash on delivery,0.05,面部精华液,"1182024156986968050	",,Unchecked,
"582044914061182366	",已取消,已取消,Cancel,Normal,"1732158609104537034	",FCSERUM001,"Serum Chống Lão Hóa, FOCHIER, Tinh Chất PDRN 1%, Sửa Chữa, Làm Sáng, Dưỡng Ẩm Và Làm Săn Chắc, 30ml",1 cái,1,1,341067,341067,40000,228904,72163,0,18900,0,18900,,0,72163,72163,"10/01/2026 05:49:28	","	","	","	","	","10/01/2026 06:10:11	",User,不想要了,Fulfillment by seller,VN1,,次日达,,,n***enthuong6868,h*** t*****,(+84)906****10,Việt Nam,Hồ Chí Minh,Gò Vấp,*********,****************,,Cash on delivery,0.05,面部精华液,"1182001100010325406	",,Unchecked,
"582042086800983055	",已取消,已取消,Cancel,Normal,"1732158609104537034	",FCSERUM001,"Serum Chống Lão Hóa, FOCHIER, Tinh Chất PDRN 1%, Sửa Chữa, Làm Sáng, Dưỡng Ẩm Và Làm Săn Chắc, 30ml",1 cái,1,1,341067,341067,28041,228904,84122,0,20700,0,20700,,0,84122,84122,"09/01/2026 22:01:42	","	","	","	","	","09/01/2026 22:02:41	",User,发现更优惠的价格,Fulfillment by seller,VN1,,次日达,,,t***daonguyen83,b* Đ** c***,(+84)056*****86,Việt Nam,Hồ Chí Minh,Hóc Môn,*******,***********************,******************,Cash on delivery,0.05,面部精华液,"1181986902271427599	",,Unchecked,
"582041307890550324	",已发货,运输中,,Normal,"1732158609104537034	",FCSERUM001,"Serum Chống Lão Hóa, FOCHIER, Tinh Chất PDRN 1%, Sửa Chữa, Làm Sáng, Dưỡng Ẩm Và Làm Săn Chắc, 30ml",1 cái,1,0,341067,341067,40000,228904,72163,0,26800,0,26800,,0,72163,,"09/01/2026 21:10:16	","09/01/2026 21:10:21	","10/01/2026 13:11:49	","10/01/2026 14:37:04	","	","	",,,Fulfillment by seller,VN1,8.61007E+11,本地标准运输服务,J&T Express,,h***gnguyenpl243,H**** N*****,(+84)393****11,Việt Nam,Gia Lai,Pleiku,******,******************************************,,MoMo 电子钱包,0.05,面部精华液,"1181983612141733428	",,Unchecked,
"582034070490220509	",已发货,运输中,,,"1732158609104537034	",FCSERUM001,"Serum Chống Lão Hóa, FOCHIER, Tinh Chất PDRN 1%, Sửa Chữa, Làm Sáng, Dưỡng Ẩm Và Làm Săn Chắc, 30ml",1 cái,1,0,0,0,0,0,0,0,0,0,0,,0,0,,"09/01/2026 12:54:09	","09/01/2026 12:54:09	","09/01/2026 15:52:00	","09/01/2026 16:26:36	","	","	",,,Fulfillment by seller,VN1,8.6109E+11,本地标准运输服务,J&T Express,,m***91073,M*** T**,(+84)096*****23,Việt Nam,Hải Phòng,Kiến Thuỵ,******,*************,,,0.05,面部精华液,"1181932829576169437	",,Unchecked,
"582034070477767759	",已发货,已送达,,,"1732158609104537034	",FCSERUM001,"Serum Chống Lão Hóa, FOCHIER, Tinh Chất PDRN 1%, Sửa Chữa, Làm Sáng, Dưỡng Ẩm Và Làm Săn Chắc, 30ml",1 cái,1,0,0,0,0,0,0,0,0,0,0,,0,0,,"09/01/2026 12:54:07	","09/01/2026 12:54:07	","09/01/2026 15:54:18	","09/01/2026 16:45:51	","10/01/2026 16:59:38	","	",,,Fulfillment by seller,VN1,8.6101E+11,次日达,J&T Express,,_***.meozw,t**** L***,(+84)866****31,Việt Nam,Sóc Trăng,Mỹ Xuyên,********,********,,,0.05,面部精华液,"1181933125134877775	",,Unchecked,
"582032494875739967	",已发货,运输中,,,"1732158609104537034	",FCSERUM001,"Serum Chống Lão Hóa, FOCHIER, Tinh Chất PDRN 1%, Sửa Chữa, Làm Sáng, Dưỡng Ẩm Và Làm Săn Chắc, 30ml",1 cái,1,0,0,0,0,0,0,0,0,0,0,,0,0,,"09/01/2026 10:46:16	","09/01/2026 10:46:16	","09/01/2026 15:44:01	","09/01/2026 16:17:30	","	","	",,,Fulfillment by seller,VN1,8.61029E+11,本地标准运输服务,J&T Express,,b***yshop62,T* L**,(+84)399****87,Việt Nam,Thái Bình,Hưng Hà,********,*************,,,0.05,面部精华液,"1181919126753347391	",,Unchecked,
"582031664722773003	",已发货,已送达,,Normal,"1732158609104537034	",FCSERUM001,"Serum Chống Lão Hóa, FOCHIER, Tinh Chất PDRN 1%, Sửa Chữa, Làm Sáng, Dưỡng Ẩm Và Làm Săn Chắc, 30ml",1 cái,1,0,341067,341067,40000,228904,72163,0,24300,0,24300,,0,72163,,"09/01/2026 09:34:17	","10/01/2026 14:38:31	","09/01/2026 11:13:28	","09/01/2026 11:30:14	","10/01/2026 14:38:31	","	",,,Fulfillment by seller,VN1,8.6107E+11,次日达,J&T Express,,e***e.m62,n*** h**,(+84)337****48,Việt Nam,Cần Thơ,Xã Hồ Đắc Kiện,**************,*********************,,Cash on delivery,0.05,面部精华液,"1181911450812384267	",,Unchecked,
"582031546803652325	",已发货,运输中,,Normal,"1732158609104537034	",FCSERUM001,"Serum Chống Lão Hóa, FOCHIER, Tinh Chất PDRN 1%, Sửa Chữa, Làm Sáng, Dưỡng Ẩm Và Làm Săn Chắc, 30ml",1 cái,1,0,341067,341067,40000,228904,72163,0,28200,0,28200,,0,72163,,"09/01/2026 09:22:48	","	","09/01/2026 11:13:02	","09/01/2026 11:30:57	","	","	",,,Fulfillment by seller,VN1,8.61092E+11,本地标准运输服务,J&T Express,,c***tammm,N** T**** T**,(+84)097*****72,Việt Nam,Hà Nội,Phường Tương Mai,****************,***************,,Cash on delivery,0.05,面部精华液,"1181910022703122149	",,Unchecked,
"582030255465530779	",已发货,已送达,,Normal,"1732158609104537034	",FCSERUM001,"Serum Chống Lão Hóa, FOCHIER, Tinh Chất PDRN 1%, Sửa Chữa, Làm Sáng, Dưỡng Ẩm Và Làm Săn Chắc, 30ml",1 cái,1,0,341067,341067,22433,228904,89730,0,27200,0,27200,,0,89730,,"09/01/2026 07:23:38	","11/01/2026 15:01:15	","09/01/2026 11:13:32	","09/01/2026 11:30:57	","11/01/2026 15:01:15	","	",,,Fulfillment by seller,VN1,8.61065E+11,本地标准运输服务,J&T Express,,v***lit94,V* V** L**,(+84)339****26,Việt Nam,Bình Định,Phù Cát,*******,*************************************,,Cash on delivery,0.05,面部精华液,"1181896147629147547	",,Unchecked,
"582029905695114925	",已发货,已送达,,Normal,"1732158609104537034	",FCSERUM001,"Serum Chống Lão Hóa, FOCHIER, Tinh Chất PDRN 1%, Sửa Chữa, Làm Sáng, Dưỡng Ẩm Và Làm Săn Chắc, 30ml",1 cái,1,0,341067,341067,0,228904,112163,0,20700,0,20700,,0,112163,,"09/01/2026 06:42:17	","09/01/2026 06:42:23	","09/01/2026 11:14:04	","09/01/2026 11:30:14	","10/01/2026 11:40:25	","	",,,Fulfillment by seller,VN1,8.61029E+11,次日达,J&T Express,,n***thanh.dip,T****,(+84)094*****33,Việt Nam,Hồ Chí Minh,Xã Bình Hưng,************,****************************************************************************,,Credit/debit card,0.05,面部精华液,"1181893054992516781	",,Unchecked,
"582028708440278988	",已发货,运输中,,Normal,"1732158609104537034	",FCSERUM001,"Serum Chống Lão Hóa, FOCHIER, Tinh Chất PDRN 1%, Sửa Chữa, Làm Sáng, Dưỡng Ẩm Và Làm Săn Chắc, 30ml",1 cái,1,0,341067,341067,33649,228904,78514,0,28200,0,28200,,0,78514,,"09/01/2026 01:40:09	","09/01/2026 01:40:31	","09/01/2026 11:14:15	","09/01/2026 11:30:57	","	","	",,,Fulfillment by seller,VN1,8.61026E+11,本地标准运输服务,J&T Express,,v***gech07,V**** ế**,(+84)389****63,Việt Nam,Hà Nội,Phường Hai Bà Trưng,*******************,*******************,,MoMo 电子钱包,0.05,面部精华液,"1181885576244594636	",,Unchecked,
"582027872793298852	",已发货,已送达,,Normal,"1732158609104537034	",FCSERUM001,"Serum Chống Lão Hóa, FOCHIER, Tinh Chất PDRN 1%, Sửa Chữa, Làm Sáng, Dưỡng Ẩm Và Làm Săn Chắc, 30ml",1 cái,1,0,341067,341067,45000,228904,67163,0,21000,0,21000,,0,67163,,"08/01/2026 23:53:58	","10/01/2026 11:25:27	","09/01/2026 11:14:33	","09/01/2026 11:30:57	","10/01/2026 11:25:27	","	",,,Fulfillment by seller,VN1,8.61012E+11,次日达,J&T Express,,s***yt889,s*****,(+84)326****94,Việt Nam,Đồng Nai,Biên Hòa,*********,***********************************,,Cash on delivery,0.05,面部精华液,"1181881736810629028	",,Unchecked,
"582027970608464920	",已发货,已送达,,Normal,"1732158609104668106	",3FCSERUM001,"Serum Chống Lão Hóa, FOCHIER, Tinh Chất PDRN 1%, Sửa Chữa, Làm Sáng, Dưỡng Ẩm Và Làm Săn Chắc, 30ml",3 chiếc,1,0,818560,818560,40000,515720,262840,0,24300,0,24300,,0,262840,,"08/01/2026 23:39:35	","10/01/2026 19:30:28	","09/01/2026 15:29:14	","09/01/2026 16:23:00	","10/01/2026 19:30:28	","	",,,Fulfillment by seller,VN1,8.61064E+11,次日达,J&T Express,,t***okthuyvy,H**** N*** T*** V*,(+84)909****12,Việt Nam,An Giang,Xã Vĩnh Phong,*************,**************,,Cash on delivery,0.05,面部精华液,"1181881445216977944	",,Unchecked,
"582022404232218532	",已取消,已取消,Cancel,Normal,"1732158609104537034	",FCSERUM001,"Serum Chống Lão Hóa, FOCHIER, Tinh Chất PDRN 1%, Sửa Chữa, Làm Sáng, Dưỡng Ẩm Và Làm Săn Chắc, 30ml",1 cái,1,1,341067,341067,39257,228904,72906,0,21000,0,21000,,0,72906,72906,"08/01/2026 17:25:28	","	","	","	","	","08/01/2026 23:53:34	",User,不想要了,Fulfillment by seller,VN1,,次日达,,,s***yt889,s*****,(+84)326****94,Việt Nam,Đồng Nai,Biên Hòa,*********,***********************************,,Cash on delivery,0.05,面部精华液,"1181852515937716132	",,Unchecked,
"582019141967644094	",已发货,已送达,,Normal,"1732158609104537034	",FCSERUM001,"Serum Chống Lão Hóa, FOCHIER, Tinh Chất PDRN 1%, Sửa Chữa, Làm Sáng, Dưỡng Ẩm Và Làm Săn Chắc, 30ml",1 cái,1,0,341067,341067,28041,228904,84122,0,21000,0,21000,,0,84122,,"08/01/2026 12:50:26	","09/01/2026 20:44:43	","08/01/2026 14:35:53	","08/01/2026 15:13:09	","09/01/2026 20:44:43	","	",,,Fulfillment by seller,VN1,8.61075E+11,本地标准运输服务,J&T Express,,m***z_421,N**,(+84)949****84,Việt Nam,Bạc Liêu,Bạc Liêu,********,******************************************************,,Cash on delivery,0.05,面部精华液,"1181822257564124606	",,Unchecked,
"582018765642696085	",已取消,已取消,Cancel,Normal,"1732158609104537034	",FCSERUM001,"Serum Chống Lão Hóa, FOCHIER, Tinh Chất PDRN 1%, Sửa Chữa, Làm Sáng, Dưỡng Ẩm Và Làm Săn Chắc, 30ml",1 cái,1,1,341067,341067,28041,228904,84122,0,32000,0,32000,,0,84122,84122,"08/01/2026 12:25:48	","	","	","	","	","08/01/2026 12:26:43	",User,不想要了,Fulfillment by seller,VN1,,本地标准运输服务,,,a***hunie0,T**,(+84)362****25,Việt Nam,Nghệ An,Xã Mường Ham,************,*********,,Cash on delivery,0.05,面部精华液,"1181819144178926997	",,Unchecked,
"582016757573715411	",已发货,已送达,,Normal,"1732158609104537034	",FCSERUM001,"Serum Chống Lão Hóa, FOCHIER, Tinh Chất PDRN 1%, Sửa Chữa, Làm Sáng, Dưỡng Ẩm Và Làm Săn Chắc, 30ml",1 cái,1,0,341067,341067,40000,228904,72163,0,28200,0,28200,,0,72163,,"08/01/2026 09:57:16	","10/01/2026 20:44:58	","08/01/2026 13:39:19	","08/01/2026 14:40:15	","10/01/2026 20:44:58	","	",,,Fulfillment by seller,VN1,8.61073E+11,本地标准运输服务,J&T Express,,n***oan617,l***,(+84)076*****80,Việt Nam,Thừa Thiên Huế,Huế,*********,*****************************************,,Cash on delivery,0.05,面部精华液,"1181803040038815187	",,Unchecked,
"582016087481484786	",已发货,已送达,,,"1732158609104537034	",FCSERUM001,"Serum Chống Lão Hóa, FOCHIER, Tinh Chất PDRN 1%, Sửa Chữa, Làm Sáng, Dưỡng Ẩm Và Làm Săn Chắc, 30ml",1 cái,1,0,0,0,0,0,0,0,0,0,0,,0,0,,"08/01/2026 09:16:17	","08/01/2026 09:16:16	","08/01/2026 13:37:38	","08/01/2026 14:42:33	","11/01/2026 10:26:24	","	",,,Fulfillment by seller,VN1,8.61031E+11,本地标准运输服务,J&T Express,,t***ti_169,t**,(+84)904****89,Việt Nam,Hà Nội,Phường Láng,***********,*********************************,,,0.05,面部精华液,"1181798306011121138	",,Unchecked,
"582016087175889940	",已发货,已送达,,,"1732158609104537034	",FCSERUM001,"Serum Chống Lão Hóa, FOCHIER, Tinh Chất PDRN 1%, Sửa Chữa, Làm Sáng, Dưỡng Ẩm Và Làm Săn Chắc, 30ml",1 cái,1,0,0,0,0,0,0,0,0,0,0,,0,0,,"08/01/2026 09:09:13	","08/01/2026 09:09:12	","08/01/2026 13:52:31	","08/01/2026 14:42:39	","10/01/2026 09:14:30	","	",,,Fulfillment by seller,VN1,8.61029E+11,本地标准运输服务,J&T Express,,n***78,T** N****,(+84)348****94,Việt Nam,Gia Lai,Xã Vân Canh,***********,*******,*********************************,,0.05,面部精华液,"1181796596821623828	",,Unchecked,
"582015844622042483	",已发货,已送达,,,"1732158609104537034	",FCSERUM001,"Serum Chống Lão Hóa, FOCHIER, Tinh Chất PDRN 1%, Sửa Chữa, Làm Sáng, Dưỡng Ẩm Và Làm Săn Chắc, 30ml",1 cái,1,0,0,0,0,0,0,0,0,0,0,,0,0,,"08/01/2026 09:02:12	","08/01/2026 09:02:12	","08/01/2026 13:39:56	","08/01/2026 14:42:40	","11/01/2026 09:56:07	","	",,,Fulfillment by seller,VN1,8.61073E+11,本地标准运输服务,J&T Express,,n***huyy069,M***,(+84)565****69,Việt Nam,Nghệ An,Quỳnh Lưu,**********,***********************************************,,,0.05,面部精华液,"1181796440387388787	",,Unchecked,
"582015080948204802	",已发货,已送达,,Normal,"1732158609104602570	",2FCSERUM001,"Serum Chống Lão Hóa, FOCHIER, Tinh Chất PDRN 1%, Sửa Chữa, Làm Sáng, Dưỡng Ẩm Và Làm Săn Chắc, 30ml",2 cái,1,0,613920,613920,0,412027,201893,0,21000,0,21000,,0,201893,,"08/01/2026 07:36:03	","09/01/2026 10:19:27	","08/01/2026 12:27:00	","08/01/2026 14:55:27	","09/01/2026 10:19:27	","	",,,Fulfillment by seller,VN1,8.61024E+11,次日达,J&T Express,,a***iet.dang2,a***********,(+84)093*****98,Việt Nam,Cần Thơ,Ninh Kiều,*********,********************************,****************************************************************************,Cash on delivery,0.05,面部精华液,"1181785345332249858	",,Unchecked,
"582015082795927520	",已发货,已送达,,Normal,"1732158609104537034	",FCSERUM001,"Serum Chống Lão Hóa, FOCHIER, Tinh Chất PDRN 1%, Sửa Chữa, Làm Sáng, Dưỡng Ẩm Và Làm Săn Chắc, 30ml",1 cái,1,0,341067,341067,28041,228904,84122,0,28200,0,28200,,0,84122,,"08/01/2026 07:20:20	","11/01/2026 21:55:03	","08/01/2026 10:42:25	","08/01/2026 11:03:45	","11/01/2026 21:55:03	","	",,,Fulfillment by seller,VN1,8.61077E+11,本地标准运输服务,J&T Express,,v***u369,V* T** D**,(+84)098*****00,Việt Nam,Phố Hà Nội,Long Biên,************,************************,*************,Cash on delivery,0.05,面部精华液,"1181784479712118752	",,Unchecked,
"582014772898465388	",已发货,已送达,,Normal,"1732158609104537034	",FCSERUM001,"Serum Chống Lão Hóa, FOCHIER, Tinh Chất PDRN 1%, Sửa Chữa, Làm Sáng, Dưỡng Ẩm Và Làm Săn Chắc, 30ml",1 cái,1,0,341067,341067,25000,228904,87163,0,21000,0,21000,,0,87163,,"08/01/2026 06:56:14	","09/01/2026 18:23:41	","08/01/2026 10:42:27	","08/01/2026 11:03:45	","09/01/2026 18:23:41	","	",,,Fulfillment by seller,VN1,8.61053E+11,次日达,J&T Express,,h***i9182,T** H*,(+84)079*****77,Việt Nam,Bình Phước,Đồng Xoài,********,***************************,,Cash on delivery,0.05,面部精华液,"1181782360762451564	",,Unchecked,
"582014848260998159	",已发货,已送达,,Normal,"1732158609104537034	",FCSERUM001,"Serum Chống Lão Hóa, FOCHIER, Tinh Chất PDRN 1%, Sửa Chữa, Làm Sáng, Dưỡng Ẩm Và Làm Săn Chắc, 30ml",1 cái,1,0,341067,341067,0,228904,112163,0,11200,0,11200,,0,112163,,"08/01/2026 06:54:18	","09/01/2026 09:36:45	","08/01/2026 10:42:29	","08/01/2026 11:03:45	","09/01/2026 09:36:45	","	",,,Fulfillment by seller,VN1,8.61028E+11,次日达,J&T Express,,u***3jk9y23qf9,L* T****,(+84)977****14,Việt Nam,Tây Ninh,Tây Ninh,********,*******************************,,Cash on delivery,0.05,面部精华液,"1181782420165395471	",,Unchecked,
"582014387437668022	",已发货,已送达,,Normal,"1732158609104537034	",FCSERUM001,"Serum Chống Lão Hóa, FOCHIER, Tinh Chất PDRN 1%, Sửa Chữa, Làm Sáng, Dưỡng Ẩm Và Làm Săn Chắc, 30ml",1 cái,1,0,341067,341067,0,228904,112163,0,32000,0,32000,,0,112163,,"08/01/2026 05:50:53	","11/01/2026 21:01:03	","08/01/2026 10:41:58	","08/01/2026 11:09:41	","11/01/2026 21:01:03	","	",,,Fulfillment by seller,VN1,8.61063E+11,本地标准运输服务,J&T Express,,t***thuhue_07,h**,(+84)056*****86,Việt Nam,Hà Nam,Duy Tiên,***********,*********************************************************,,Cash on delivery,0.05,面部精华液,"1181779438902347446	",,Unchecked,
"582013674767090833	",已取消,已取消,Cancel,Normal,"1732158609104537034	",FCSERUM001,"Serum Chống Lão Hóa, FOCHIER, Tinh Chất PDRN 1%, Sửa Chữa, Làm Sáng, Dưỡng Ẩm Và Làm Săn Chắc, 30ml",1 cái,1,1,341067,341067,16824,228904,95339,0,30400,0,30400,,0,95339,95339,"08/01/2026 05:28:49	","08/01/2026 05:30:05	","	","	","	","08/01/2026 05:36:11	",User,不想要了,Fulfillment by seller,VN1,,本地标准运输服务,,,p***5kim3,V** T** V***,(+84)397****06,Việt Nam,Hà Nội,Đông Anh,******,***********************,******************************************************,VNPAY + TikTok Shop Balance,0.05,面部精华液,"1181778608444376209	",,Unchecked,
"582013412299671251	",已发货,已送达,,Normal,"1732158609104537034	",FCSERUM001,"Serum Chống Lão Hóa, FOCHIER, Tinh Chất PDRN 1%, Sửa Chữa, Làm Sáng, Dưỡng Ẩm Và Làm Săn Chắc, 30ml",1 cái,1,0,341067,341067,22433,228904,89730,0,28200,0,28200,,0,89730,,"08/01/2026 01:04:50	","10/01/2026 11:36:06	","08/01/2026 10:45:16	","08/01/2026 11:03:45	","10/01/2026 11:36:06	","	",,,Fulfillment by seller,VN1,8.61067E+11,本地标准运输服务,J&T Express,,t***ho712,H* T** K** T***,(+84)070*****56,Việt Nam,Đà Nẵng,Thanh Khê,*********,************************************************,,Cash on delivery,0.05,面部精华液,"1181773625491359443	",,Unchecked,
"582011768290707118	",已发货,运输中,,Normal,"1732158609104537034	",FCSERUM001,"Serum Chống Lão Hóa, FOCHIER, Tinh Chất PDRN 1%, Sửa Chữa, Làm Sáng, Dưỡng Ẩm Và Làm Săn Chắc, 30ml",1 cái,1,0,341067,341067,55000,228904,57163,0,28200,0,28200,,0,57163,,"07/01/2026 22:20:00	","	","08/01/2026 10:42:18	","08/01/2026 11:03:45	","	","	",,,Fulfillment by seller,VN1,8.61025E+11,本地标准运输服务,J&T Express,,m***tung8.9.96_,N***** M*** T***,(+84)096*****23,Việt Nam,Yên Bái,Yên Bái,*******,****************************,,Cash on delivery,0.05,面部精华液,"1181766455102441134	",,Unchecked,
"582010439259816968	",已发货,已送达,,Normal,"1732158609104537034	",FCSERUM001,"Serum Chống Lão Hóa, FOCHIER, Tinh Chất PDRN 1%, Sửa Chữa, Làm Sáng, Dưỡng Ẩm Và Làm Săn Chắc, 30ml",1 cái,1,0,341067,341067,0,228904,112163,0,24300,0,24300,,0,112163,,"07/01/2026 20:47:06	","09/01/2026 18:52:38	","08/01/2026 10:42:21	","08/01/2026 11:03:45	","09/01/2026 18:52:38	","	",,,Fulfillment by seller,VN1,8.61079E+11,次日达,J&T Express,,h***tuyn796,T**** T****,(+84)098*****19,Việt Nam,Tiền Giang,Châu Thành,*********,*********,************************************************,Cash on delivery,0.05,面部精华液,"1181759603932300296	",,Unchecked,
"582008831171004175	",已发货,已送达,,Normal,"1732158609104537034	",FCSERUM001,"Serum Chống Lão Hóa, FOCHIER, Tinh Chất PDRN 1%, Sửa Chữa, Làm Sáng, Dưỡng Ẩm Và Làm Săn Chắc, 30ml",1 cái,1,0,341067,341067,30000,228904,82163,0,23100,0,23100,,0,82163,,"07/01/2026 19:10:53	","09/01/2026 19:33:46	","08/01/2026 10:45:19	","08/01/2026 11:03:45	","09/01/2026 19:33:46	","	",,,Fulfillment by seller,VN1,8.61042E+11,次日达,J&T Express,,u***i613lljy6m,L* T** t*** t****,(+84)385****81,Việt Nam,An Giang,Tri Tôn,*******,***************************************,,Cash on delivery,0.05,面部精华液,"1181751552175146767	",,Unchecked,
"582008798414079205	",已发货,已送达,,Normal,"1732158609104537034	",FCSERUM001,"Serum Chống Lão Hóa, FOCHIER, Tinh Chất PDRN 1%, Sửa Chữa, Làm Sáng, Dưỡng Ẩm Và Làm Săn Chắc, 30ml",1 cái,1,0,341067,341067,50000,228904,62163,0,21900,0,21900,,0,62163,,"07/01/2026 19:07:26	","09/01/2026 18:49:58	","08/01/2026 10:42:22	","08/01/2026 11:03:45	","09/01/2026 18:49:58	","	",,,Fulfillment by seller,VN1,8.61084E+11,次日达,J&T Express,,n***.quyen.nguyen32,n***** n*** q****,(+84)096*****07,Việt Nam,Vĩnh Long,Long Hồ,*******,******************************************************,,Cash on delivery,0.05,面部精华液,"1181751212644140261	",,Unchecked,
"582005681036363135	",已发货,已送达,,Normal,"1732158609104537034	",FCSERUM001,"Serum Chống Lão Hóa, FOCHIER, Tinh Chất PDRN 1%, Sửa Chữa, Làm Sáng, Dưỡng Ẩm Và Làm Săn Chắc, 30ml",1 cái,1,0,341067,341067,0,228904,112163,0,23100,0,23100,,0,112163,,"07/01/2026 15:15:04	","08/01/2026 20:08:15	","07/01/2026 17:11:07	","07/01/2026 18:11:47	","08/01/2026 20:08:15	","	",,,Fulfillment by seller,VN1,8.61016E+11,次日达,J&T Express,,h***.vng3,V*** H***,(+84)766****41,Việt Nam,An Giang,Xã Long Kiến,************,******************************,,Cash on delivery,0.05,面部精华液,"1181726729093481855	",,Unchecked,
"582000884687668951	",已发货,已送达,,Normal,"1732158609104537034	",FCSERUM001,"Serum Chống Lão Hóa, FOCHIER, Tinh Chất PDRN 1%, Sửa Chữa, Làm Sáng, Dưỡng Ẩm Và Làm Săn Chắc, 30ml",1 cái,1,0,341067,341067,40000,228904,72163,0,21000,0,21000,,0,72163,,"07/01/2026 09:06:50	","08/01/2026 17:24:51	","07/01/2026 10:51:19	","07/01/2026 11:25:29	","08/01/2026 17:24:51	","	",,,Fulfillment by seller,VN1,8.61004E+11,次日达,J&T Express,,h***ansi0811,N***** T** A** T**,(+84)867****44,Việt Nam,Cần Thơ,Ô Môn,*******,*******,**************************************************************,Cash on delivery,0.05,面部精华液,"1181684827277723351	",,Unchecked,
"582000552432863114	",已发货,已送达,,,"1732158609104537034	",FCSERUM001,"Serum Chống Lão Hóa, FOCHIER, Tinh Chất PDRN 1%, Sửa Chữa, Làm Sáng, Dưỡng Ẩm Và Làm Săn Chắc, 30ml",1 cái,1,0,0,0,0,0,0,0,0,0,0,,0,0,,"07/01/2026 09:01:04	","07/01/2026 09:01:04	","07/01/2026 10:51:08	","07/01/2026 11:25:29	","08/01/2026 11:21:45	","	",,,Fulfillment by seller,VN1,8.6103E+11,次日达,J&T Express,,t***onganh.duong,H*** Á**,(+84)867****02,Việt Nam,Hồ Chí Minh,Hóc Môn,*************,**************,,,0.05,面部精华液,"1181683737217894282	",,Unchecked,
"582000444817442011	",已发货,已送达,,,"1732158609104537034	",FCSERUM001,"Serum Chống Lão Hóa, FOCHIER, Tinh Chất PDRN 1%, Sửa Chữa, Làm Sáng, Dưỡng Ẩm Và Làm Săn Chắc, 30ml",1 cái,1,0,0,0,0,0,0,0,0,0,0,,0,0,,"07/01/2026 08:58:04	","07/01/2026 08:58:04	","07/01/2026 10:50:46	","07/01/2026 11:25:29	","08/01/2026 18:04:04	","	",,,Fulfillment by seller,VN1,8.61011E+11,次日达,J&T Express,,b***aunbox,T**** T***,(+84)091*****14,Việt Nam,Hồ Chí Minh,Phường Tân Phước,****************,**************************************************,*********,,0.05,面部精华液,"1181682669205357787	",,Unchecked,
"582000595766248548	",已发货,已送达,,Normal,"1732158609104537034	",FCSERUM001,"Serum Chống Lão Hóa, FOCHIER, Tinh Chất PDRN 1%, Sửa Chữa, Làm Sáng, Dưỡng Ẩm Và Làm Săn Chắc, 30ml",1 cái,1,0,341067,341067,28041,228904,84122,0,21000,0,21000,,0,84122,,"07/01/2026 08:42:16	","08/01/2026 11:16:55	","07/01/2026 10:50:49	","07/01/2026 11:25:29	","08/01/2026 11:16:55	","	",,,Fulfillment by seller,VN1,8.61077E+11,次日达,J&T Express,,u***7708780882243,C******,(+84)076*****24,Việt Nam,Hồ Chí Minh,Tân Phú,*********,******************,,Cash on delivery,0.05,面部精华液,"1181681261310215268	",,Unchecked,
"582000517055809008	",已发货,已送达,,Normal,"1732158609104537034	",FCSERUM001,"Serum Chống Lão Hóa, FOCHIER, Tinh Chất PDRN 1%, Sửa Chữa, Làm Sáng, Dưỡng Ẩm Và Làm Săn Chắc, 30ml",1 cái,1,0,341067,341067,40000,228904,72163,0,24300,0,24300,,0,72163,,"07/01/2026 08:36:58	","08/01/2026 13:24:54	","07/01/2026 10:52:31	","07/01/2026 11:27:28	","08/01/2026 13:24:54	","	",,,Fulfillment by seller,VN1,8.61061E+11,次日达,J&T Express,,h***nguyentuan,N***** T***,(+84)772****82,Việt Nam,An Giang,Chợ Mới,*******,******************************************************************,,Cash on delivery,0.05,面部精华液,"1181680341624260080	",,Unchecked,
"581998923147806576	",已发货,已送达,,Normal,"1732158609104537034	",FCSERUM001,"Serum Chống Lão Hóa, FOCHIER, Tinh Chất PDRN 1%, Sửa Chữa, Làm Sáng, Dưỡng Ẩm Và Làm Săn Chắc, 30ml",1 cái,1,0,341067,341067,40000,228904,72163,0,21000,0,21000,,0,72163,,"07/01/2026 05:09:34	","08/01/2026 13:16:10	","07/01/2026 10:00:35	","07/01/2026 10:47:42	","08/01/2026 13:16:10	","	",,,Fulfillment by seller,VN1,8.61028E+11,次日达,J&T Express,,u***2912310223,G** H**,(+84)091*****35,Việt Nam,Đồng Nai,Phường Biên Hòa,***************,********************************************************************,,Cash on delivery,0.05,面部精华液,"1181665600209979248	",,Unchecked,
"581997309321446561	",已发货,已送达,,Normal,"1732158609104537034	",FCSERUM001,"Serum Chống Lão Hóa, FOCHIER, Tinh Chất PDRN 1%, Sửa Chữa, Làm Sáng, Dưỡng Ẩm Và Làm Săn Chắc, 30ml",1 cái,1,0,341067,341067,40000,228904,72163,0,17800,0,17800,,0,72163,,"06/01/2026 23:15:36	","06/01/2026 23:15:40	","07/01/2026 10:01:12	","07/01/2026 10:47:41	","08/01/2026 09:18:49	","	",,,Fulfillment by seller,VN1,8.61012E+11,次日达,J&T Express,,h***rami899,h**********,(+84)927****66,Việt Nam,Hồ Chí Minh,Quận 7,*********,************,**************,MoMo 电子钱包,0.05,面部精华液,"1181656331010606241	",,Unchecked,
"581996545969718768	",已发货,已送达,,Normal,"1732158609104537034	",FCSERUM001,"Serum Chống Lão Hóa, FOCHIER, Tinh Chất PDRN 1%, Sửa Chữa, Làm Sáng, Dưỡng Ẩm Và Làm Săn Chắc, 30ml",1 cái,1,0,341067,341067,35000,228904,77163,0,24300,0,24300,,0,77163,,"06/01/2026 22:13:38	","08/01/2026 19:22:40	","07/01/2026 10:00:45	","07/01/2026 10:47:42	","08/01/2026 19:22:40	","	",,,Fulfillment by seller,VN1,8.61094E+11,次日达,J&T Express,,h***nguyentuan,N***** T***,(+84)772****82,Việt Nam,An Giang,Chợ Mới,*******,******************************************************************,,Cash on delivery,0.05,面部精华液,"1181653373771744752	",,Unchecked,
"581994574504036206	",已发货,已送达,,Normal,"1732158609104537034	",FCSERUM001,"Serum Chống Lão Hóa, FOCHIER, Tinh Chất PDRN 1%, Sửa Chữa, Làm Sáng, Dưỡng Ẩm Và Làm Săn Chắc, 30ml",1 cái,1,0,341067,341067,35000,228904,77163,0,28200,0,28200,,0,77163,,"06/01/2026 20:15:01	","10/01/2026 17:33:38	","07/01/2026 10:00:43	","07/01/2026 10:47:42	","10/01/2026 17:33:38	","	",,,Fulfillment by seller,VN1,8.61085E+11,本地标准运输服务,J&T Express,,t***l7827,T*** L*,(+84)039*****77,Việt Nam,Hà Tĩnh,Phường Thành Sen,****************,*****************************,,Cash on delivery,0.05,面部精华液,"1181644291854141294	",,Unchecked,
"581994138560005626	",已发货,已送达,,Normal,"1732158609104537034	",FCSERUM001,"Serum Chống Lão Hóa, FOCHIER, Tinh Chất PDRN 1%, Sửa Chữa, Làm Sáng, Dưỡng Ẩm Và Làm Săn Chắc, 30ml",1 cái,1,0,341067,341067,40000,228904,72163,0,21000,0,21000,,0,72163,,"06/01/2026 19:49:21	","08/01/2026 12:10:51	","07/01/2026 10:00:47	","07/01/2026 10:47:42	","08/01/2026 12:10:51	","	",,,Fulfillment by seller,VN1,8.6102E+11,次日达,J&T Express,,p***thy469,T********,(+84)879****90,Việt Nam,Đồng Nai,Biên Hòa,********,**********************************************************************************************************,,Cash on delivery,0.05,面部精华液,"1181641765724063226	",,Unchecked,
"581994109334226701	",已取消,已取消,Cancel,Normal,"1732158609104537034	",FCSERUM001,"Serum Chống Lão Hóa, FOCHIER, Tinh Chất PDRN 1%, Sửa Chữa, Làm Sáng, Dưỡng Ẩm Và Làm Săn Chắc, 30ml",1 cái,1,1,341067,341067,0,228904,112163,0,28200,0,28200,,0,112163,112163,"06/01/2026 19:45:25	","	","	","	","	","06/01/2026 20:12:00	",User,不想要了,Fulfillment by seller,VN1,,本地标准运输服务,,,t***5917,Đ*** T** T**,(+84)096*****17,Việt Nam,Bắc Ninh,Bắc Ninh,********,*******************************************,,Cash on delivery,0.05,面部精华液,"1181641465160369933	",,Unchecked,
"581991835370620418	",已发货,已送达,,Normal,"1732158609104537034	",FCSERUM001,"Serum Chống Lão Hóa, FOCHIER, Tinh Chất PDRN 1%, Sửa Chữa, Làm Sáng, Dưỡng Ẩm Và Làm Săn Chắc, 30ml",1 cái,1,0,341067,341067,0,228904,112163,0,23100,0,23100,,0,112163,,"06/01/2026 17:05:29	","08/01/2026 20:55:35	","07/01/2026 10:01:02	","07/01/2026 10:47:42	","08/01/2026 20:55:35	","	",,,Fulfillment by seller,VN1,8.61039E+11,次日达,J&T Express,,b***ammy,B**,(+84)898****70,Việt Nam,Bà Rịa - Vũng Tàu,Xuyên Mộc,*********,*************,*************,Cash on delivery,0.05,面部精华液,"1181626872335664642	",,Unchecked,
"581991593387394903	",已发货,已送达,,Normal,"1732158609104537034	",FCSERUM001,"Serum Chống Lão Hóa, FOCHIER, Tinh Chất PDRN 1%, Sửa Chữa, Làm Sáng, Dưỡng Ẩm Và Làm Săn Chắc, 30ml",1 cái,1,0,341067,341067,0,228904,112163,0,25600,0,25600,,0,112163,,"06/01/2026 16:47:31	","09/01/2026 20:37:09	","07/01/2026 10:00:42	","07/01/2026 10:47:42	","09/01/2026 20:37:09	","	",,,Fulfillment by seller,VN1,8.61091E+11,本地标准运输服务,J&T Express,,n***unh8159,N** Q****,(+84)037*****95,Việt Nam,Hà Nội,Hoài Đức,*********,***************,,Cash on delivery,0.05,面部精华液,"1181625109068678999	",,Unchecked,
"581990572645516597	",已发货,已送达,,,"1732158609104537034	",FCSERUM001,"Serum Chống Lão Hóa, FOCHIER, Tinh Chất PDRN 1%, Sửa Chữa, Làm Sáng, Dưỡng Ẩm Và Làm Săn Chắc, 30ml",1 cái,1,0,0,0,0,0,0,0,0,0,0,,0,0,,"06/01/2026 15:27:13	","06/01/2026 15:27:13	","06/01/2026 17:54:39	","06/01/2026 18:12:07	","07/01/2026 14:06:20	","	",,,Fulfillment by seller,VN1,8.61046E+11,次日达,J&T Express,,m***huong19_12,M** s**,(+84)933****92,Việt Nam,Hồ Chí Minh,Phường Phú Mỹ,*************,********************,*******,,0.05,面部精华液,"1181616207227946293	",,Unchecked,
"581989830383273066	",已发货,已送达,,,"1732158609104537034	",FCSERUM001,"Serum Chống Lão Hóa, FOCHIER, Tinh Chất PDRN 1%, Sửa Chữa, Làm Sáng, Dưỡng Ẩm Và Làm Săn Chắc, 30ml",1 cái,1,0,0,0,0,0,0,0,0,0,0,,0,0,,"06/01/2026 14:37:14	","06/01/2026 14:37:14	","06/01/2026 17:41:15	","06/01/2026 17:53:59	","09/01/2026 10:47:58	","	",,,Fulfillment by seller,VN1,8.611E+11,本地标准运输服务,J&T Express,,c***ni20200,k*********,(+84)038*****41,Việt Nam,Nghệ An,Quỳnh Lưu,**********,**************,,,0.05,面部精华液,"1181610025162540138	",,Unchecked,
"581986737211147999	",已发货,已送达,,Normal,"1732158609104537034	",FCSERUM001,"Serum Chống Lão Hóa, FOCHIER, Tinh Chất PDRN 1%, Sửa Chữa, Làm Sáng, Dưỡng Ẩm Và Làm Săn Chắc, 30ml",1 cái,1,0,341067,341067,0,228904,112163,0,21000,0,21000,,0,112163,,"06/01/2026 10:47:35	","06/01/2026 10:47:36	","06/01/2026 14:16:01	","06/01/2026 16:12:12	","07/01/2026 09:31:17	","	",,,Fulfillment by seller,VN1,8.61057E+11,次日达,J&T Express,,o***oizuize81,C y**,(+84)090*****83,Việt Nam,Hồ Chí Minh,Quận 10,*********,******************,,TikTok Shop Balance,0.05,面部精华液,"1181582893244253919	",,Unchecked,
"581985402286540380	",已发货,已送达,,Normal,"1732158609104537034	",FCSERUM001,"Serum Chống Lão Hóa, FOCHIER, Tinh Chất PDRN 1%, Sửa Chữa, Làm Sáng, Dưỡng Ẩm Và Làm Săn Chắc, 30ml",1 cái,1,0,341067,341067,40000,228904,72163,0,22600,0,22600,,0,72163,,"06/01/2026 09:05:00	","10/01/2026 20:54:44	","06/01/2026 14:19:57	","06/01/2026 16:16:56	","10/01/2026 20:54:44	","	",,,Fulfillment by seller,VN1,8.61023E+11,本地标准运输服务,J&T Express,,n***en.trinh.16,N***** v*** t****,(+84)355****88,Việt Nam,Lạng Sơn,Lạng Sơn,*********,********************,*****************,Cash on delivery,0.05,面部精华液,"1181571918242023004	",,Unchecked,
"581984579112305689	",已发货,已送达,,,"1732158609104537034	",FCSERUM001,"Serum Chống Lão Hóa, FOCHIER, Tinh Chất PDRN 1%, Sửa Chữa, Làm Sáng, Dưỡng Ẩm Và Làm Săn Chắc, 30ml",1 cái,1,0,0,0,0,0,0,0,0,0,0,,0,0,,"06/01/2026 08:33:11	","06/01/2026 08:33:11	","06/01/2026 14:11:56	","06/01/2026 14:21:56	","09/01/2026 20:42:08	","	",,,Fulfillment by seller,VN1,8.61053E+11,本地标准运输服务,J&T Express,,h***99sandealhoi,M* N*****,(+84)083*****55,Việt Nam,Bắc Ninh,Thuận Thành,************,**********,****************************,,0.05,面部精华液,"1181568041644557337	",,Unchecked,
"581984172397725257	",已发货,已送达,,Normal,"1732158609104537034	",FCSERUM001,"Serum Chống Lão Hóa, FOCHIER, Tinh Chất PDRN 1%, Sửa Chữa, Làm Sáng, Dưỡng Ẩm Và Làm Săn Chắc, 30ml",1 cái,1,0,341067,341067,45000,228904,67163,0,19400,0,19400,,0,67163,,"06/01/2026 06:59:10	","07/01/2026 13:00:29	","06/01/2026 11:29:21	","06/01/2026 11:54:20	","07/01/2026 13:00:29	","	",,,Fulfillment by seller,VN1,8.61038E+11,次日达,J&T Express,,d***nguyen5066,N***** T*** D***,(+84)097*****89,Việt Nam,Đồng Tháp,Lấp Vò,********,***************************************************************,,Cash on delivery,0.05,面部精华液,"1181557218547172937	",,Unchecked,
"581983572366361763	",已发货,已送达,,Normal,"1732158609104537034	",FCSERUM001,"Serum Chống Lão Hóa, FOCHIER, Tinh Chất PDRN 1%, Sửa Chữa, Làm Sáng, Dưỡng Ẩm Và Làm Săn Chắc, 30ml",1 cái,1,0,341067,341067,0,228904,112163,0,32000,0,32000,,0,112163,,"06/01/2026 05:24:42	","08/01/2026 21:37:04	","06/01/2026 11:29:36	","06/01/2026 11:54:57	","08/01/2026 21:37:04	","	",,,Fulfillment by seller,VN1,8.61002E+11,次日达,J&T Express,,h***gyen02010,h**** t** h**** y**,(+84)032*****78,Việt Nam,Bình Thuận,Hàm Thuận Bắc,*******,**************************************************,*******************************,Cash on delivery,0.05,面部精华液,"1181553332696548515	",,Unchecked,
"581981100105041053	",已取消,已取消,Cancel,Normal,"1732158609104537034	",FCSERUM001,"Serum Chống Lão Hóa, FOCHIER, Tinh Chất PDRN 1%, Sửa Chữa, Làm Sáng, Dưỡng Ẩm Và Làm Săn Chắc, 30ml",1 cái,1,1,341067,341067,40000,228904,72163,0,32000,0,32000,,0,72163,72163,"05/01/2026 22:15:07	","	","	","	","	","05/01/2026 22:50:59	",User,不想要了,Fulfillment by seller,VN1,,本地标准运输服务,,,t***g.milk93,S**** t**** m***,(+84)098*****93,Việt Nam,Tinh Thai Binh,Đông Hưng,********,*************,,Cash on delivery,0.05,面部精华液,"1181540036867097757	",,Unchecked,
"581980422039308183	",已取消,已取消,Cancel,Normal,"1732158609104537034	",FCSERUM001,"Serum Chống Lão Hóa, FOCHIER, Tinh Chất PDRN 1%, Sửa Chữa, Làm Sáng, Dưỡng Ẩm Và Làm Săn Chắc, 30ml",1 cái,1,1,341067,341067,40000,228904,72163,0,28200,0,28200,,0,72163,72163,"05/01/2026 21:29:59	","	","	","	","	","05/01/2026 21:46:32	",User,需要更改付款方式,Fulfillment by seller,VN1,,本地标准运输服务,,,n***than61_,N***  H***,(+84)087*****55,Việt Nam,Đắk Lắk,Buôn Ma Thuột,******,************************************************************,,Cash on delivery,0.05,面部精华液,"1181536029788047255	",,Unchecked,
"581978161710729015	",已发货,已送达,,Normal,"1732158609104537034	",FCSERUM001,"Serum Chống Lão Hóa, FOCHIER, Tinh Chất PDRN 1%, Sửa Chữa, Làm Sáng, Dưỡng Ẩm Và Làm Săn Chắc, 30ml",1 cái,1,0,341067,341067,55000,228904,57163,2000,32000,0,30000,,0,59163,,"05/01/2026 19:13:34	","09/01/2026 20:34:01	","06/01/2026 11:29:27	","06/01/2026 11:54:20	","09/01/2026 20:34:01	","	",,,Fulfillment by seller,VN1,8.61047E+11,本地标准运输服务,J&T Express,,t***chi070818,V* Y** ,(+84)097*****67,Việt Nam,Tỉnh Bắc Ninh,Thuận Thành,*******,***************,,Cash on delivery,0.05,面部精华液,"1181524513614169911	",,Unchecked,
"581977420970296905	",已发货,已送达,,Normal,"1732158609104537034	",FCSERUM001,"Serum Chống Lão Hóa, FOCHIER, Tinh Chất PDRN 1%, Sửa Chữa, Làm Sáng, Dưỡng Ẩm Và Làm Săn Chắc, 30ml",1 cái,1,0,341067,341067,40000,228904,72163,0,19400,0,19400,,0,72163,,"05/01/2026 18:20:11	","07/01/2026 12:31:46	","06/01/2026 11:29:19	","06/01/2026 11:54:57	","07/01/2026 12:31:46	","	",,,Fulfillment by seller,VN1,8.6105E+11,次日达,J&T Express,,d***nguyen5066,N***** T*** D***,(+84)097*****89,Việt Nam,Đồng Tháp,Lấp Vò,********,***************************************************************,,Cash on delivery,0.05,面部精华液,"1181519029977318985	",,Unchecked,
"581976552550663764	",已发货,已送达,,Normal,"1732158609104537034	",FCSERUM001,"Serum Chống Lão Hóa, FOCHIER, Tinh Chất PDRN 1%, Sửa Chữa, Làm Sáng, Dưỡng Ẩm Và Làm Săn Chắc, 30ml",1 cái,1,0,341067,341067,40000,228904,72163,0,24300,0,24300,,0,72163,,"05/01/2026 17:21:33	","07/01/2026 21:26:43	","06/01/2026 11:29:29	","06/01/2026 11:54:57	","07/01/2026 21:26:43	","	",,,Fulfillment by seller,VN1,8.61011E+11,次日达,J&T Express,,t***g.vy5280,t**** v*,(+84)034*****95,Việt Nam,Hậu Giang,Châu Thành,*******,***************************************,,Cash on delivery,0.05,面部精华液,"1181513165487769172	",,Unchecked,
"581976067597895468	",已发货,已送达,,Normal,"1732158609104537034	",FCSERUM001,"Serum Chống Lão Hóa, FOCHIER, Tinh Chất PDRN 1%, Sửa Chữa, Làm Sáng, Dưỡng Ẩm Và Làm Săn Chắc, 30ml",1 cái,1,0,341067,341067,40000,228904,72163,0,21000,0,21000,,0,72163,,"05/01/2026 16:38:45	","06/01/2026 14:45:59	","05/01/2026 18:32:02	","05/01/2026 18:41:42	","06/01/2026 14:45:59	","	",,,Fulfillment by seller,VN1,8.61071E+11,次日达,J&T Express,,n***nhonghunh6,n*************,(+84)980****58,Việt Nam,An Giang,Châu Đốc,**********,*********************,,Cash on delivery,0.05,面部精华液,"1181508529928832812	",,Unchecked,
"581975542015428269	",已发货,已送达,,Normal,"1732158609104537034	",FCSERUM001,"Serum Chống Lão Hóa, FOCHIER, Tinh Chất PDRN 1%, Sửa Chữa, Làm Sáng, Dưỡng Ẩm Và Làm Săn Chắc, 30ml",1 cái,1,0,341067,341067,39257,228904,72906,0,21000,0,21000,,0,72906,,"05/01/2026 15:59:50	","06/01/2026 12:04:19	","05/01/2026 18:21:43	","05/01/2026 18:41:41	","06/01/2026 12:04:19	","	",,,Fulfillment by seller,VN1,8.61038E+11,次日达,J&T Express,,h***tm91,h** t**,(+84)093*****36,Việt Nam,Hồ Chí Minh,Bình Thạnh,*********,********************,,Cash on delivery,0.05,面部精华液,"1181503206033360557	",,Unchecked,
"581975057649927640	",已取消,已取消,Cancel,Normal,"1732158609104537034	",FCSERUM001,"Serum Chống Lão Hóa, FOCHIER, Tinh Chất PDRN 1%, Sửa Chữa, Làm Sáng, Dưỡng Ẩm Và Làm Săn Chắc, 30ml",1 cái,1,1,341067,341067,40000,228904,72163,0,32000,0,32000,,0,72163,72163,"05/01/2026 15:20:52	","	","	","	","	","05/01/2026 15:37:25	",User,不想要了,Fulfillment by seller,VN1,,本地标准运输服务,,,h***i06,T*** m**,(+84)365****83,Việt Nam,Hà Nội,Chương Mỹ,********,**************,**************,Cash on delivery,0.05,面部精华液,"1181499708514928088	",,Unchecked,
"581974763712579324	",已取消,已取消,Cancel,Normal,"1732158609104537034	",FCSERUM001,"Serum Chống Lão Hóa, FOCHIER, Tinh Chất PDRN 1%, Sửa Chữa, Làm Sáng, Dưỡng Ẩm Và Làm Săn Chắc, 30ml",1 cái,1,1,341067,341067,40000,228904,72163,1000,21000,0,20000,,0,73163,72163,"05/01/2026 14:56:08	","	","	","	","	","05/01/2026 16:41:11	",User,发现更优惠的价格,Fulfillment by seller,VN1,,次日达,,,n***ntam17082001,N***** T** y** n**,(+84)827****35,Việt Nam,Đồng Nai,Phường Bảo Vinh,***************,************,***********,Cash on delivery,0.05,面部精华液,"1181496195142682364	",,Unchecked,
"581974306555922418	",已取消,已取消,Cancel,Normal,"1732158609104537034	",FCSERUM001,"Serum Chống Lão Hóa, FOCHIER, Tinh Chất PDRN 1%, Sửa Chữa, Làm Sáng, Dưỡng Ẩm Và Làm Săn Chắc, 30ml",1 cái,1,1,341067,341067,0,228904,112163,0,32000,0,32000,,0,112163,112163,"05/01/2026 14:25:20	","	","	","	","	","05/01/2026 14:27:45	",User,不想要了,Fulfillment by seller,VN1,,本地标准运输服务,,,t***nkoy_,L**** T****,(+84)365****68,Việt Nam,Hưng Yên,Yên Mỹ,**********,*****************************************,,Cash on delivery,0.05,面部精华液,"1181492757536933874	",,Unchecked,
"581974132568524361	",已取消,已取消,Cancel,Normal,"1732158609104537034	",FCSERUM001,"Serum Chống Lão Hóa, FOCHIER, Tinh Chất PDRN 1%, Sửa Chữa, Làm Sáng, Dưỡng Ẩm Và Làm Săn Chắc, 30ml",1 cái,1,1,341067,341067,0,228904,112163,0,19400,0,19400,,0,112163,112163,"05/01/2026 14:10:14	","	","05/01/2026 16:01:39	","05/01/2026 16:21:13	","	","08/01/2026 18:53:23	",System,包裹送达失败,Fulfillment by seller,VN1,8.61021E+11,次日达,J&T Express,,d***nguyen5066,N***** T*** D***,(+84)097*****89,Việt Nam,Đồng Tháp,Lấp Vò,********,***************************************************************,,Cash on delivery,0.05,面部精华液,"1181491047507985993	",,Unchecked,
"581973399489053762	",已发货,已送达,,Normal,"1732158609104537034	",FCSERUM001,"Serum Chống Lão Hóa, FOCHIER, Tinh Chất PDRN 1%, Sửa Chữa, Làm Sáng, Dưỡng Ẩm Và Làm Săn Chắc, 30ml",1 cái,1,0,341067,341067,30000,228904,82163,0,21000,0,21000,,0,82163,,"05/01/2026 13:15:50	","06/01/2026 19:51:49	","05/01/2026 16:01:15	","05/01/2026 16:25:08	","06/01/2026 19:51:49	","	",,,Fulfillment by seller,VN1,8.61001E+11,次日达,J&T Express,,r***_lam99,R***,(+84)034*****66,Việt Nam,Thành phố Hồ Chí Minh,Quận 1,********,***************,,Cash on delivery,0.05,面部精华液,"1181484280964023362	",,Unchecked,
"581973256502675151	",已发货,已送达,,Normal,"1732158609104537034	",FCSERUM001,"Serum Chống Lão Hóa, FOCHIER, Tinh Chất PDRN 1%, Sửa Chữa, Làm Sáng, Dưỡng Ẩm Và Làm Săn Chắc, 30ml",1 cái,1,0,341067,341067,40000,228904,72163,0,21000,0,21000,,0,72163,,"05/01/2026 13:04:43	","06/01/2026 19:30:09	","05/01/2026 16:01:23	","05/01/2026 16:25:08	","06/01/2026 19:30:09	","	",,,Fulfillment by seller,VN1,8.61017E+11,次日达,J&T Express,,p***ng201119,D***,(+84)079*****22,Việt Nam,Thành phố Hồ Chí Minh,Quận 4,*******,*******************************,,Cash on delivery,0.05,面部精华液,"1181481771041195727	",,Unchecked,
"581973180958541763	",已发货,已送达,,Normal,"1732158609104537034	",FCSERUM001,"Serum Chống Lão Hóa, FOCHIER, Tinh Chất PDRN 1%, Sửa Chữa, Làm Sáng, Dưỡng Ẩm Và Làm Săn Chắc, 30ml",1 cái,1,0,341067,341067,0,228904,112163,0,32000,0,32000,,0,112163,,"05/01/2026 13:01:13	","08/01/2026 13:15:10	","05/01/2026 16:01:27	","05/01/2026 16:25:08	","08/01/2026 13:15:10	","	",,,Fulfillment by seller,VN1,8.61032E+11,本地标准运输服务,J&T Express,,t***n_1511,N*** T****,(+84)039*****17,Việt Nam,Kon Tum,Đắk Glei,********,************************************,,Cash on delivery,0.05,面部精华液,"1181481505185105859	",,Unchecked,
"581972961064486110	",已发货,已送达,,Normal,"1732158609104537034	",FCSERUM001,"Serum Chống Lão Hóa, FOCHIER, Tinh Chất PDRN 1%, Sửa Chữa, Làm Sáng, Dưỡng Ẩm Và Làm Săn Chắc, 30ml",1 cái,1,0,341067,341067,40000,228904,72163,17000,32000,0,15000,,0,89163,,"05/01/2026 12:47:48	","08/01/2026 11:15:42	","05/01/2026 16:01:29	","05/01/2026 16:16:13	","08/01/2026 11:15:42	","	",,,Fulfillment by seller,VN1,8.61036E+11,本地标准运输服务,J&T Express,,t***nga..291299,T*** N**,(+84)374****56,Việt Nam,Phú Thọ,Xã Mường Bi,***********,**************************,***************************************************,Cash on delivery,0.05,面部精华液,"1181479838119724254	",,Unchecked,
"581972275065488920	",已发货,已送达,,Normal,"1732158609104537034	",FCSERUM001,"Serum Chống Lão Hóa, FOCHIER, Tinh Chất PDRN 1%, Sửa Chữa, Làm Sáng, Dưỡng Ẩm Và Làm Săn Chắc, 30ml",1 cái,1,0,341067,341067,40000,228904,72163,0,24300,0,24300,,0,72163,,"05/01/2026 12:03:12	","05/01/2026 12:03:18	","05/01/2026 13:52:24	","05/01/2026 14:44:40	","06/01/2026 15:42:00	","	",,,Fulfillment by seller,VN1,8.61062E+11,次日达,J&T Express,,j***inhuang1612,K** H****,(+84)907****87,Việt Nam,Bình Dương,Thuận An,********,*************************,,MoMo 电子钱包,0.05,面部精华液,"1181474416795485720	",,Unchecked,
"581971828554368761	",已发货,已送达,,Normal,"1732158609104537034	",FCSERUM001,"Serum Chống Lão Hóa, FOCHIER, Tinh Chất PDRN 1%, Sửa Chữa, Làm Sáng, Dưỡng Ẩm Và Làm Săn Chắc, 30ml",1 cái,1,0,341067,341067,25000,228904,87163,0,32000,0,32000,,0,87163,,"05/01/2026 11:30:56	","07/01/2026 20:38:34	","05/01/2026 13:52:33	","05/01/2026 14:44:40	","07/01/2026 20:38:34	","	",,,Fulfillment by seller,VN1,8.61099E+11,本地标准运输服务,J&T Express,,l***mk90,N***** T** T*** L***,(+84)344****36,Việt Nam,Hà Nội,Xã Vĩnh Thanh,*************,****************************************************,,Cash on delivery,0.05,面部精华液,"1181470841883494137	",,Unchecked,
"581971636271286210	",已取消,已取消,Cancel,Normal,"1732158609104537034	",FCSERUM001,"Serum Chống Lão Hóa, FOCHIER, Tinh Chất PDRN 1%, Sửa Chữa, Làm Sáng, Dưỡng Ẩm Và Làm Săn Chắc, 30ml",1 cái,1,1,341067,341067,40000,228904,72163,0,21000,0,21000,,0,72163,72163,"05/01/2026 11:15:48	","	","	","	","	","05/01/2026 11:19:56	",User,不想要了,Fulfillment by seller,VN1,,次日达,,,b***dibiendoconcho,n*** t****,(+84)386****72,Việt Nam,Hồ Chí Minh,Phường Phú Định,***************,*************************************,*********************************,Cash on delivery,0.05,面部精华液,"1181469085345679298	",,Unchecked,
"581971070870193577	",已发货,运输中,,Normal,"1732158609104537034	",FCSERUM001,"Serum Chống Lão Hóa, FOCHIER, Tinh Chất PDRN 1%, Sửa Chữa, Làm Sáng, Dưỡng Ẩm Và Làm Săn Chắc, 30ml",1 cái,1,0,341067,341067,0,228904,112163,0,32000,0,32000,,0,112163,,"05/01/2026 10:35:53	","	","05/01/2026 13:52:42	","05/01/2026 14:44:40	","	","	",,,Fulfillment by seller,VN1,8.61016E+11,本地标准运输服务,J&T Express,,p***ngsun11,N***** M*** P***** ,(+84)033*****61,Việt Nam,Thanh pho Ha Noi,Thường Tín,**********,*********************************************************************,*****,Cash on delivery,0.05,面部精华液,"1181463857475913129	",,Unchecked,
"581970902419408812	",已发货,已送达,,Normal,"1732158609104602570	",2FCSERUM001,"Serum Chống Lão Hóa, FOCHIER, Tinh Chất PDRN 1%, Sửa Chữa, Làm Sáng, Dưỡng Ẩm Và Làm Săn Chắc, 30ml",2 cái,1,0,613920,613920,40000,412027,161893,0,23100,0,23100,,0,161893,,"05/01/2026 10:19:42	","06/01/2026 22:01:37	","05/01/2026 15:27:59	","05/01/2026 15:50:43	","06/01/2026 22:01:37	","	",,,Fulfillment by seller,VN1,8.61043E+11,次日达,J&T Express,,n***bun_11,H*** N****,(+84)931****60,Việt Nam,Hồ Chí Minh,Xã Củ Chi,*********,*********,***********************,Cash on delivery,0.05,面部精华液,"1181462176672745388	",,Unchecked,
"581969921501529096	",已发货,已送达,,Normal,"1732158609104537034	",FCSERUM001,"Serum Chống Lão Hóa, FOCHIER, Tinh Chất PDRN 1%, Sửa Chữa, Làm Sáng, Dưỡng Ẩm Và Làm Săn Chắc, 30ml",1 cái,1,0,341067,341067,55000,228904,57163,0,28200,0,28200,,0,57163,,"05/01/2026 09:01:21	","07/01/2026 20:22:26	","05/01/2026 13:52:39	","05/01/2026 14:44:40	","07/01/2026 20:22:26	","	",,,Fulfillment by seller,VN1,8.61026E+11,本地标准运输服务,J&T Express,,t***ngthanhcungbapiu,B** N* M*,(+84)867****67,Việt Nam,Đà Nẵng,Ngũ Hành Sơn,*******,*************************,,Cash on delivery,0.05,面部精华液,"1181451546067174408	",,Unchecked,
"581969841807918707	",已发货,已送达,,Normal,"1732158609104537034	",FCSERUM001,"Serum Chống Lão Hóa, FOCHIER, Tinh Chất PDRN 1%, Sửa Chữa, Làm Sáng, Dưỡng Ẩm Và Làm Săn Chắc, 30ml",1 cái,1,0,341067,341067,16824,228904,95339,0,21000,0,21000,,0,95339,,"05/01/2026 08:54:10	","06/01/2026 16:45:00	","05/01/2026 13:52:14	","05/01/2026 14:44:40	","06/01/2026 16:45:00	","	",,,Fulfillment by seller,VN1,8.61037E+11,次日达,J&T Express,,l***ahoi19,B*** B** B*,(+84)866****41,Việt Nam,Hồ Chí Minh,Quận 12,**********,********************************,,Cash on delivery,0.05,面部精华液,"1181449928149534323	",,Unchecked,
"581969604090627670	",已发货,已送达,,Normal,"1732158609104537034	",FCSERUM001,"Serum Chống Lão Hóa, FOCHIER, Tinh Chất PDRN 1%, Sửa Chữa, Làm Sáng, Dưỡng Ẩm Và Làm Săn Chắc, 30ml",1 cái,1,0,341067,341067,33649,228904,78514,0,32000,0,32000,,0,78514,,"05/01/2026 08:31:54	","08/01/2026 12:17:30	","05/01/2026 13:52:27	","05/01/2026 14:44:40	","08/01/2026 12:17:30	","	",,,Fulfillment by seller,VN1,8.61051E+11,本地标准运输服务,J&T Express,,l***inh.812,L* D****,(+84)988****58,Việt Nam,Lạng Sơn,Văn Lãng,*********,*****************************,,Cash on delivery,0.05,面部精华液,"1181446711490545238	",,Unchecked,
"581967578863208195	",已发货,已送达,,,"1732158609104537034	",FCSERUM001,"Serum Chống Lão Hóa, FOCHIER, Tinh Chất PDRN 1%, Sửa Chữa, Làm Sáng, Dưỡng Ẩm Và Làm Săn Chắc, 30ml",1 cái,1,0,0,0,0,0,0,0,0,0,0,,0,0,,"05/01/2026 08:21:09	","05/01/2026 08:21:09	","05/01/2026 13:52:19	","05/01/2026 14:44:40	","06/01/2026 21:47:05	","	",,,Fulfillment by seller,VN1,8.61066E+11,次日达,J&T Express,,t***tdao0309,T**** Đ**,(+84)086*****27,Việt Nam,Bình Dương,Thuận An,**********,**************************************************************,,,0.05,面部精华液,"1181445121230800643	",,Unchecked,
"581969503433033481	",已发货,已送达,,Normal,"1732158609104602570	",2FCSERUM001,"Serum Chống Lão Hóa, FOCHIER, Tinh Chất PDRN 1%, Sửa Chữa, Làm Sáng, Dưỡng Ẩm Và Làm Săn Chắc, 30ml",2 cái,1,0,613920,613920,45000,412027,156893,0,24300,0,24300,,0,156893,,"05/01/2026 08:18:29	","06/01/2026 16:11:06	","05/01/2026 14:32:56	","05/01/2026 14:59:39	","06/01/2026 16:11:06	","	",,,Fulfillment by seller,VN1,8.61075E+11,本地标准运输服务,J&T Express,,h***htbao,V* T** B* H***,(+84)918****19,Việt Nam,Kiên Giang,Châu Thành,*******,***************************************************************************,,Cash on delivery,0.05,面部精华液,"1181445051587659529	",,Unchecked,
"581967578814318386	",已发货,已送达,,,"1732158609104537034	",FCSERUM001,"Serum Chống Lão Hóa, FOCHIER, Tinh Chất PDRN 1%, Sửa Chữa, Làm Sáng, Dưỡng Ẩm Và Làm Săn Chắc, 30ml",1 cái,1,0,0,0,0,0,0,0,0,0,0,,0,0,,"05/01/2026 08:17:05	","05/01/2026 08:17:05	","05/01/2026 13:52:22	","05/01/2026 14:44:40	","06/01/2026 17:21:23	","	",,,Fulfillment by seller,VN1,8.61077E+11,本地标准运输服务,J&T Express,,n***enkacamau,N***** K*,(+84)916****58,Việt Nam,Cà Mau,Cà Mau,********,********,,,0.05,面部精华液,"1181443585945470770	",,Unchecked,
"581968908586223083	",已取消,已取消,Cancel,Normal,"1732158609104537034	",FCSERUM001,"Serum Chống Lão Hóa, FOCHIER, Tinh Chất PDRN 1%, Sửa Chữa, Làm Sáng, Dưỡng Ẩm Và Làm Săn Chắc, 30ml",1 cái,1,1,341067,341067,11216,228904,100947,0,24300,0,24300,,0,100947,100947,"05/01/2026 07:17:57	","	","	","	","	","05/01/2026 07:20:45	",User,不想要了,Fulfillment by seller,VN1,,次日达,,,b***11_11,N****,(+84)908****07,Việt Nam,Hồ Chí Minh,Xã Củ Chi,*********,*************,***********************,Cash on delivery,0.05,面部精华液,"1181436341719434731	",,Unchecked,
"581968586788603484	",已发货,已送达,,Normal,"1732158609104537034	",FCSERUM001,"Serum Chống Lão Hóa, FOCHIER, Tinh Chất PDRN 1%, Sửa Chữa, Làm Sáng, Dưỡng Ẩm Và Làm Săn Chắc, 30ml",1 cái,1,0,341067,341067,40000,228904,72163,1000,21000,0,20000,,0,73163,,"05/01/2026 06:33:15	","06/01/2026 22:08:06	","05/01/2026 13:41:41	","05/01/2026 14:33:15	","06/01/2026 22:08:06	","	",,,Fulfillment by seller,VN1,8.61012E+11,次日达,J&T Express,,n***trang5072,n***** T** n*** t****,(+84)776****88,Việt Nam,Hồ Chí Minh,Quận 12,**********,*****************************************,,Cash on delivery,0.05,面部精华液,"1181433115835467356	",,Unchecked,
"581967899944126410	",已发货,已送达,,Normal,"1732158609104537034	",FCSERUM001,"Serum Chống Lão Hóa, FOCHIER, Tinh Chất PDRN 1%, Sửa Chữa, Làm Sáng, Dưỡng Ẩm Và Làm Săn Chắc, 30ml",1 cái,1,0,341067,341067,28041,228904,84122,0,28200,0,28200,,0,84122,,"05/01/2026 03:53:43	","05/01/2026 03:53:46	","05/01/2026 13:41:48	","05/01/2026 14:33:15	","07/01/2026 16:02:51	","	",,,Fulfillment by seller,VN1,8.61058E+11,本地标准运输服务,J&T Express,,v***05,P*******,(+84)036*****64,Việt Nam,Hà Nội,Bắc Từ Liêm,*********,*************,*********************************,MoMo 电子钱包,0.05,面部精华液,"1181428231565379530	",,Unchecked,
