Order ID,Order Status,Order Substatus,Cancelation/Return Type,Normal or Pre-order,SKU ID,Seller SKU,Product Name,Variation,Quantity,Sku Quantity of return,SKU Unit Original Price,SKU Subtotal Before Discount,SKU Platform Discount,SKU Seller Discount,SKU Subtotal After Discount,Shipping Fee After Discount,Original Shipping Fee,Shipping Fee Seller Discount,Shipping Fee Platform Discount,Payment platform discount,Taxes,Order Amount,Order Refund Amount,Created Time,Paid Time,RTS Time,Shipped Time,Delivered Time,Cancelled Time,Cancel By,Cancel Reason,Fulfillment Type,Warehouse Name,Tracking ID,Delivery Option,Shipping Provider Name,Buyer Message,Buyer Username,Recipient,Phone #,Country,Province,District,Commune,Detail Address,Additional address information,Payment Method,Weight(kg),Product Category,Package ID,Seller Note,Checked Status,Checked Marked by
582871930285229783	,待发货,待揽收,,Normal,1731146016814433738	,FCBLGREENTEE002,FOCHIER Kem Gel Dưỡng Ẩm Cơ Thể Thủy Điện 500g Với Axit Hyaluronic & Squalane Cấp Ẩm Sâu Phục Hồi Da Thường Đến Khô,Trà xanh,1,0,193980,193980,11639,0,182341,0,23800,0,23800,,0,182341,,02/03/2026 20:23:24	,"	",03/03/2026 17:27:39	,"	","	","	",,,Fulfillment by seller,VN1,861365684328,本地标准运输服务,J&T Express,,t***20,t**,(+84)082*****11,Việt Nam,Tỉnh Bình Dương,Thủ Dầu Một,*******,***************************************************************************************,,Cash on delivery,0.55,身体霜、乳,1187974979235186391	,,Unchecked,
582869357647529669	,待发货,待揽收,,Normal,1731146016814433738	,FCBLGREENTEE002,FOCHIER Kem Gel Dưỡng Ẩm Cơ Thể Thủy Điện 500g Với Axit Hyaluronic & Squalane Cấp Ẩm Sâu Phục Hồi Da Thường Đến Khô,Trà xanh,1,0,193980,193980,7759,0,186221,8100,38100,0,30000,,0,194321,,02/03/2026 17:56:33	,"	",03/03/2026 17:36:10	,"	","	","	",,,Fulfillment by seller,VN1,861368733528,本地标准运输服务,J&T Express,,m***am26180,p*** t** M*,(+84)036*****50,Việt Nam,Bắc Ninh,Xã Đại Đồng,***********,*******************************************************,******************************************************,Cash on delivery,0.55,身体霜、乳,1187957938553652933	,,Unchecked,
582868772910761854	,待发货,待揽收,,Normal,1731160002233796042	,FCBL001,FOCHIER Kem Gel Dưỡng Ẩm Cơ Thể Thủy Điện 500g Với Axit Hyaluronic & Squalane Cấp Ẩm Sâu Phục Hồi Da Thường Đến Khô,Mùi hương đích thực,1,0,194544,194544,0,95545,98999,0,23800,0,23800,,0,98999,,02/03/2026 17:13:39	,"	",03/03/2026 17:35:03	,"	","	","	",,,Fulfillment by seller,VN1,861360433538,本地标准运输服务,J&T Express,,u***80817099945064,t****,(+84)763****94,Việt Nam,Hồ Chí Minh,Bình Tân,***************,******************,**************************************************,Cash on delivery,0.55,身体霜、乳,1187953959760201598	,,Unchecked,
582867428075276223	,已发货,运输中,,,1732158609104537034	,FCSERUM001,"Serum Chống Lão Hóa, FOCHIER, Tinh Chất PDRN 1%, Sửa Chữa, Làm Sáng, Dưỡng Ẩm Và Làm Săn Chắc, 30ml",1 cái,1,0,0,0,0,0,0,0,0,0,0,,0,0,,02/03/2026 15:49:15	,02/03/2026 15:49:15	,02/03/2026 17:34:23	,02/03/2026 18:08:38	,"	","	",,,Fulfillment by seller,VN1,861320843068,本地标准运输服务,J&T Express,,e***nhgiadung1,N*** l***,(+84)964****41,Việt Nam,Nam Định,Vụ Bản,*********,*********************************,,,0.05,面部精华液,1187941620142671807	,,Unchecked,
582867428075996794	,已发货,已送达,,,1732158609104537034	,FCSERUM001,"Serum Chống Lão Hóa, FOCHIER, Tinh Chất PDRN 1%, Sửa Chữa, Làm Sáng, Dưỡng Ẩm Và Làm Săn Chắc, 30ml",1 cái,1,0,0,0,0,0,0,0,0,0,0,,0,0,,02/03/2026 15:49:15	,02/03/2026 15:49:15	,02/03/2026 17:34:38	,02/03/2026 18:08:38	,03/03/2026 08:47:48	,"	",,,Fulfillment by seller,VN1,861380003068,本地标准运输服务,J&T Express,,.***y2710,M***,(+84)853****51,Việt Nam,Hồ Chí Minh,Củ Chi,*******,**********************************************,,,0.05,面部精华液,1187941362097555066	,,Unchecked,
582866924329272899	,已发货,已送达,,Normal,1733033874760959434	,FCBLBO300,FOCHIER Kem Gel Dưỡng Ẩm Cơ Thể Thủy Điện 500g Với Axit Hyaluronic & Squalane Cấp Ẩm Sâu Phục Hồi Da Thường Đến Khô,1 chai | Nỗi ám ảnh lúc nửa đêm 300ml,1,0,140274,140274,0,88274,52000,0,28100,0,28100,,0,52000,,02/03/2026 15:01:35	,03/03/2026 18:48:42	,02/03/2026 16:06:53	,02/03/2026 17:17:31	,03/03/2026 18:48:42	,"	",,,Fulfillment by seller,VN1,861368472418,本地标准运输服务,J&T Express,,n***8720,n** n***,(+84)034*****98,Việt Nam,Cà Mau,Xã Trí Phải,***********,********,,Cash on delivery,0.55,身体霜、乳,1187935572500383299	,,Unchecked,
582864747942217373	,已发货,运输中,,Normal,1732158609104602570	,2FCSERUM001,"Serum Chống Lão Hóa, FOCHIER, Tinh Chất PDRN 1%, Sửa Chữa, Làm Sáng, Dưỡng Ẩm Và Làm Săn Chắc, 30ml",2 cái,1,0,613920,613920,34950,410720,168250,0,32000,0,32000,,0,168250,,02/03/2026 12:45:20	,"	",02/03/2026 14:34:17	,02/03/2026 15:06:20	,"	","	",,,Fulfillment by seller,VN1,861378471258,本地标准运输服务,J&T Express,,v***lamay3008,Đ*** T** A** Đ**,(+84)973****00,Việt Nam,Đà Nẵng,Xã Đại Lộc,**********,**************************************,*****************,Cash on delivery,0.05,面部精华液,1187914469753259677	,,Unchecked,
582864231296501556	,已发货,运输中,,Normal,1731160002233796042	,FCBL001,FOCHIER Kem Gel Dưỡng Ẩm Cơ Thể Thủy Điện 500g Với Axit Hyaluronic & Squalane Cấp Ẩm Sâu Phục Hồi Da Thường Đến Khô,Mùi hương đích thực,1,0,194544,194544,39600,95545,59399,0,25300,0,25300,,0,59399,,02/03/2026 12:14:07	,"	",02/03/2026 14:51:58	,02/03/2026 15:06:11	,"	","	",,,Fulfillment by seller,VN1,861338701048,本地标准运输服务,J&T Express,,v***10811,v* v*,(+84)337****58,Việt Nam,Trà Vinh,Càng Long,*********,************************************************,,Cash on delivery,0.55,身体霜、乳,1187909366726035252	,,Unchecked,
582864056736122855	,已取消,已取消,Cancel,Normal,1731160002233796042	,FCBL001,FOCHIER Kem Gel Dưỡng Ẩm Cơ Thể Thủy Điện 500g Với Axit Hyaluronic & Squalane Cấp Ẩm Sâu Phục Hồi Da Thường Đến Khô,Mùi hương đích thực,1,1,194544,194544,0,95545,98999,18100,38100,0,20000,,0,117099,98999,02/03/2026 12:07:25	,"	","	","	","	",02/03/2026 12:08:09	,User,不想要了,Fulfillment by seller,VN1,,本地标准运输服务,,,a***nei0,N***** h** h**,(+84)366****88,Việt Nam,Phú Thọ,Xã Tam Đảo,**********,***************************************,,Cash on delivery,0.55,身体霜、乳,1187909203699337191	,,Unchecked,
582863848297367418	,已发货,运输中,,Normal,1731146016814433738	,FCBLGREENTEE002,FOCHIER Kem Gel Dưỡng Ẩm Cơ Thể Thủy Điện 500g Với Axit Hyaluronic & Squalane Cấp Ẩm Sâu Phục Hồi Da Thường Đến Khô,Trà xanh,1,0,193980,193980,0,94981,98999,38100,38100,0,0,,0,137099,,02/03/2026 11:52:42	,"	",02/03/2026 14:11:56	,02/03/2026 14:46:25	,"	","	",,,Fulfillment by seller,VN1,861388650948,本地标准运输服务,J&T Express,,b***goc7581,D**** T**,(+84)328****86,Việt Nam,Khánh Hòa,Xã Nam Khánh Vĩnh,*****************,**********************,*************,Cash on delivery,0.55,身体霜、乳,1187906824310458234	,,Unchecked,
582862953580234633	,已取消,已取消,Cancel,Normal,1732158609104537034	,FCSERUM001,"Serum Chống Lão Hóa, FOCHIER, Tinh Chất PDRN 1%, Sửa Chữa, Làm Sáng, Dưỡng Ẩm Và Làm Săn Chắc, 30ml",1 cái,1,1,341067,341067,0,228178,112889,0,21000,0,21000,,0,112889,112889,02/03/2026 11:01:32	,"	","	","	","	",02/03/2026 12:43:51	,User,发现更优惠的价格,Fulfillment by seller,VN1,,本地标准运输服务,,,t***ok.atun1994,A T**,(+84)921****24,Việt Nam,Hồ Chí Minh,Quận 1,********,***************,,Cash on delivery,0.05,面部精华液,1187898439110068105	,,Unchecked,
582862846884808224	,已发货,运输中,,Normal,1732158609104537034	,FCSERUM001,"Serum Chống Lão Hóa, FOCHIER, Tinh Chất PDRN 1%, Sửa Chữa, Làm Sáng, Dưỡng Ẩm Và Làm Săn Chắc, 30ml",1 cái,1,0,341067,341067,0,228178,112889,0,26800,0,26800,,0,112889,,02/03/2026 10:53:42	,"	",02/03/2026 13:35:20	,02/03/2026 14:41:25	,"	","	",,,Fulfillment by seller,VN1,861349990468,本地标准运输服务,J&T Express,,k***hhvyy7806,k**** v*,(+84)349****49,Việt Nam,Kon Tum,Kon Tum,***********,*************************************,,Cash on delivery,0.05,面部精华液,1187897444358260256	,,Unchecked,
582860876465800889	,已发货,运输中,,Normal,1732158609104537034	,FCSERUM001,"Serum Chống Lão Hóa, FOCHIER, Tinh Chất PDRN 1%, Sửa Chữa, Làm Sáng, Dưỡng Ẩm Và Làm Săn Chắc, 30ml",1 cái,1,0,341067,341067,30000,228178,82889,0,24300,0,24300,,0,82889,,02/03/2026 08:33:24	,"	",02/03/2026 13:04:48	,02/03/2026 14:46:25	,"	","	",,,Fulfillment by seller,VN1,861373749047,本地标准运输服务,J&T Express,,b***ngc.c.mau4,n***,(+84)098*****19,Việt Nam,Cà Mau,Phú Tân,***********,*****************************************************,,Cash on delivery,0.05,面部精华液,1187875110255101625	,,Unchecked,
582860850011472959	,已发货,运输中,,Normal,1731160002233796042	,FCBL001,FOCHIER Kem Gel Dưỡng Ẩm Cơ Thể Thủy Điện 500g Với Axit Hyaluronic & Squalane Cấp Ẩm Sâu Phục Hồi Da Thường Đến Khô,Mùi hương đích thực,1,0,194544,194544,0,95545,98999,0,38100,0,38100,,0,98999,,02/03/2026 08:32:40	,"	",02/03/2026 12:43:36	,02/03/2026 15:09:44	,"	","	",,,Fulfillment by seller,VN1,861384249067,本地标准运输服务,J&T Express,,h***ong314,p*****,(+84)097*****05,Việt Nam,Đắk Nông,Cư Jút,*********,***************,**************************************,Cash on delivery,0.55,身体霜、乳,1187875516233647167	,,Unchecked,
582860401524836055	,已发货,已送达,,Normal,1732158609104537034	,FCSERUM001,"Serum Chống Lão Hóa, FOCHIER, Tinh Chất PDRN 1%, Sửa Chữa, Làm Sáng, Dưỡng Ẩm Và Làm Săn Chắc, 30ml",1 cái,1,0,341067,341067,13547,228178,99342,0,24300,0,24300,,0,99342,,02/03/2026 07:49:43	,03/03/2026 19:46:45	,02/03/2026 13:04:35	,02/03/2026 14:51:14	,03/03/2026 19:46:45	,"	",,,Fulfillment by seller,VN1,861302738127,本地标准运输服务,J&T Express,,u***1594301328698,n**** h***,(+84)335****68,Việt Nam,Tiền Giang,Gò Công Tây,*********,***************************************************,,Cash on delivery,0.05,面部精华液,1187865836599936727	,,Unchecked,
582860321255359791	,已发货,运输中,,Normal,1732158609104602570	,2FCSERUM001,"Serum Chống Lão Hóa, FOCHIER, Tinh Chất PDRN 1%, Sửa Chữa, Làm Sáng, Dưỡng Ẩm Và Làm Săn Chắc, 30ml",2 cái,1,0,613920,613920,40000,410720,163200,0,32000,0,32000,,0,163200,,02/03/2026 07:42:17	,"	",02/03/2026 13:41:02	,02/03/2026 14:42:37	,"	","	",,,Fulfillment by seller,VN1,861369777967,本地标准运输服务,J&T Express,,l***gthidinh_88,L**** T** Đ***,(+84)037*****62,Việt Nam,Sơn La,Thuận Châu,********,************************************************************,,Cash on delivery,0.05,面部精华液,1187864763543946543	,,Unchecked,
582859979443373562	,已发货,已送达,,Normal,1732158609104602570	,2FCSERUM001,"Serum Chống Lão Hóa, FOCHIER, Tinh Chất PDRN 1%, Sửa Chữa, Làm Sáng, Dưỡng Ẩm Và Làm Săn Chắc, 30ml",2 cái,1,0,613920,613920,24384,410720,178816,0,21000,0,21000,,0,178816,,02/03/2026 07:10:07	,03/03/2026 23:28:46	,02/03/2026 13:41:29	,02/03/2026 14:48:00	,03/03/2026 23:28:46	,"	",,,Fulfillment by seller,VN1,861378847647,本地标准运输服务,J&T Express,,p***thy469,T********,(+84)879****90,Việt Nam,Đồng Nai,Biên Hòa,********,**********************************************************************************************************,,Cash on delivery,0.05,面部精华液,1187860421240194554	,,Unchecked,
582857904947562279	,已取消,已取消,Cancel,Normal,1732158609104537034	,FCSERUM001,"Serum Chống Lão Hóa, FOCHIER, Tinh Chất PDRN 1%, Sửa Chữa, Làm Sáng, Dưỡng Ẩm Và Làm Săn Chắc, 30ml",1 cái,1,1,341067,341067,0,228178,112889,0,21000,0,21000,,0,112889,112889,02/03/2026 02:17:38	,"	","	","	","	",02/03/2026 02:29:14	,User,不想要了,Fulfillment by seller,VN1,,本地标准运输服务,,,l***hongbo93,L** k**** B*,(+84)355****98,Việt Nam,Hồ Chí Minh,Thủ Đức,********,*******************,,Cash on delivery,0.05,面部精华液,1187846682288097063	,,Unchecked,
582857068276647148	,已发货,运输中,,Normal,1731146016814433738	,FCBLGREENTEE002,FOCHIER Kem Gel Dưỡng Ẩm Cơ Thể Thủy Điện 500g Với Axit Hyaluronic & Squalane Cấp Ẩm Sâu Phục Hồi Da Thường Đến Khô,Trà xanh,1,0,193980,193980,0,94981,98999,0,38100,0,38100,,0,98999,,02/03/2026 00:14:30	,"	",02/03/2026 09:57:58	,02/03/2026 10:40:30	,"	","	",,,Fulfillment by seller,VN1,861325347207,本地标准运输服务,J&T Express,,t***vyyy212,B** T*** V*,(+84)384****34,Việt Nam,Hải Phòng,Thuỷ Nguyên,*****,*********************,,Cash on delivery,0.55,身体霜、乳,1187841635411920108	,,Unchecked,
