Order ID,Order Status,Order Substatus,Cancelation/Return Type,Normal or Pre-order,SKU ID,Seller SKU,Product Name,Variation,Quantity,Sku Quantity of return,SKU Unit Original Price,SKU Subtotal Before Discount,SKU Platform Discount,SKU Seller Discount,SKU Subtotal After Discount,Shipping Fee After Discount,Original Shipping Fee,Shipping Fee Seller Discount,Shipping Fee Platform Discount,Payment platform discount,Taxes,Order Amount,Order Refund Amount,Created Time,Paid Time,RTS Time,Shipped Time,Delivered Time,Cancelled Time,Cancel By,Cancel Reason,Fulfillment Type,Warehouse Name,Tracking ID,Delivery Option,Shipping Provider Name,Buyer Message,Buyer Username,Recipient,Phone #,Country,Province,District,Commune,Detail Address,Additional address information,Payment Method,Weight(kg),Product Category,Package ID,Seller Note,Checked Status,Checked Marked by,Order Channel,Creator Handle
585215437732939512	,已发货,运输中,,Normal,1732100503758669258	,FCSS001,"Kem Dưỡng Da Chống Nắng Cho Mặt, FOCHIER F, SPF 50 +, 50g, Làm Dịu & Dưỡng Ẩm, Thích Hợp Cho Da Nhạy Cảm Và Khô, Được Làm Bằng Portulaca Oleracea, Nhẹ Nhàng Và Nhẹ",1 gói - 50ml,1,0,90543,90543,0,48244,42299,0,28200,0,28200,,0,42299,,26/07/2026 14:44:38	,"	",26/07/2026 16:27:02	,26/07/2026 17:08:22	,"	","	",,,Fulfillment by seller,VN8802,862173774102,标准运输,J&T Express,,n***van3080,n***** t** n*** v**,(+84)352****94,Việt Nam,Quảng Ninh,Phường Việt Hưng,****************,********************************************************************************************************************,**************************************************,Cash on delivery,0.05,脸部防晒霜与晒后修复,1204930960036366072	,,Unchecked,,Product cards,
585209849373754664	,已发货,运输中,,Normal,1735141837533578698	,FCLS001,"Serum môi Fochier đầu tuýp bạc làm mát, 12 loại dầu thực vật + 4D Hyaluronic Acid. Dưỡng ẩm sâu, khóa ẩm lâu dài, phục hồi môi khô nứt, mềm mịn căng bóng.",1 cái,1,0,100894,100894,0,18344,82550,15800,15800,0,0,,0,98350,,26/07/2026 08:35:55	,"	",26/07/2026 14:43:23	,26/07/2026 15:09:53	,"	","	",,,Fulfillment by seller,VN8802,862186692252,次日达,J&T Express,,t***mai994,T*** M**,(+84)918****78,Việt Nam,Tây Ninh,Phường Trảng Bàng,*****************,**********************,,Cash on delivery,0.25,唇部护理,1204893264653550888	,,Unchecked,,Videos,phamphuongnga868
585202262355707450	,已发货,运输中,,Normal,1731146016814433738	,FCBLGREENTEE002,FOCHIER Kem Gel Dưỡng Ẩm Cơ Thể Thủy Điện 500g Với Axit Hyaluronic & Squalane Cấp Ẩm Sâu Phục Hồi Da Thường Đến Khô,Trà xanh,1,0,193980,193980,0,102481,91499,0,28100,0,28100,,0,91499,,25/07/2026 19:07:26	,"	",26/07/2026 09:15:30	,26/07/2026 10:52:57	,"	","	",,,Fulfillment by seller,VN8802,862196141732,次日达,J&T Express,,k***199,N***** T** N*** n***,(+84)090*****50,Việt Nam,Đồng Tháp,Xã Gia Thuận,************,***********************************************************,,Cash on delivery,0.55,身体霜、乳,1204854582848947770	,,Unchecked,,Videos,zin_reviu
585194490974865342	,已发货,已送达,,Normal,1735141837533578698	,FCLS001,"Serum môi Fochier đầu tuýp bạc làm mát, 12 loại dầu thực vật + 4D Hyaluronic Acid. Dưỡng ẩm sâu, khóa ẩm lâu dài, phục hồi môi khô nứt, mềm mịn căng bóng.",1 cái,1,0,100894,100894,0,18344,82550,0,25600,0,25600,,0,82550,,25/07/2026 10:26:22	,26/07/2026 14:21:02	,25/07/2026 12:05:34	,25/07/2026 12:27:51	,26/07/2026 14:21:02	,"	",,,Fulfillment by seller,VN8802,862107308381,标准运输,J&T Express,,_***thaooz,Đ*** t** M* t***,(+84)982****80,Việt Nam,Lâm Đồng,Xã Cát Tiên,***********,******,,Cash on delivery,0.25,唇部护理,1204795489952892862	,,Unchecked,,Videos,phamphuongnga868
585192467827820335	,已发货,已送达,,Normal,1735141837533578698	,FCLS001,"Serum môi Fochier đầu tuýp bạc làm mát, 12 loại dầu thực vật + 4D Hyaluronic Acid. Dưỡng ẩm sâu, khóa ẩm lâu dài, phục hồi môi khô nứt, mềm mịn căng bóng.",1 cái,1,0,100894,100894,0,10844,90050,0,21000,0,21000,,0,90050,,25/07/2026 07:54:11	,26/07/2026 12:55:18	,25/07/2026 11:29:57	,25/07/2026 11:46:21	,26/07/2026 12:55:18	,"	",,,Fulfillment by seller,VN8802,862159196881,次日达,J&T Express,,t***t.huynh639,H**** Á** T****,(+84)036*****17,Việt Nam,Hồ Chí Minh,Quận 8,********,*************,,Cash on delivery,0.25,唇部护理,1204773626521421615	,,Unchecked,,Videos,petrichor.225
585191028223543133	,已发货,运输中,,Normal,1735141837533578698	,FCLS001,"Serum môi Fochier đầu tuýp bạc làm mát, 12 loại dầu thực vật + 4D Hyaluronic Acid. Dưỡng ẩm sâu, khóa ẩm lâu dài, phục hồi môi khô nứt, mềm mịn căng bóng.",1 cái,1,0,100894,100894,0,18344,82550,0,21000,0,21000,,0,82550,,25/07/2026 05:08:49	,"	",25/07/2026 10:43:11	,25/07/2026 11:46:21	,"	","	",,,Fulfillment by seller,VN8802,862100476771,次日达,J&T Express,,t***h546,h***,(+84)382****32,Việt Nam,Hồ Chí Minh,Phường Tân Phú,**************,******************************************************************************************************************************************************************************,,Cash on delivery,0.25,唇部护理,1204763699067193181	,,Unchecked,,Videos,phamphuongnga868
585188756693943426	,已取消,已取消,Cancel,Normal,1732100503758669258	,FCSS001,"Kem Dưỡng Da Chống Nắng Cho Mặt, FOCHIER F, SPF 50 +, 50g, Làm Dịu & Dưỡng Ẩm, Thích Hợp Cho Da Nhạy Cảm Và Khô, Được Làm Bằng Portulaca Oleracea, Nhẹ Nhàng Và Nhẹ",1 gói - 50ml,1,1,90543,90543,0,40744,49799,0,24300,0,24300,,0,49799,49799,24/07/2026 22:54:45	,"	","	","	","	",24/07/2026 22:56:25	,User,预计送达时间过晚,Fulfillment by seller,VN8802,,标准运输,,,s***amayy,m*** v*,(+84)368****59,Việt Nam,Hồ Chí Minh,Xã Củ Chi,*********,********************,,Cash on delivery,0.05,脸部防晒霜与晒后修复,1204751774825809026	,,Unchecked,,Product cards,
585186688296781036	,已发货,已送达,,Normal,1731160002233796042	,FCBL001,FOCHIER Kem Gel Dưỡng Ẩm Cơ Thể Thủy Điện 500g Với Axit Hyaluronic & Squalane Cấp Ẩm Sâu Phục Hồi Da Thường Đến Khô,Mùi hương đích thực,1,0,194544,194544,32025,103045,59474,0,28100,0,28100,,0,59474,,24/07/2026 20:38:56	,24/07/2026 20:38:59	,25/07/2026 09:50:56	,25/07/2026 10:28:17	,26/07/2026 11:11:04	,"	",,,Fulfillment by seller,VN8802,862187556591,次日达,J&T Express,,t***tram03.10,t*** t***,(+84)896****20,Việt Nam,Hồ Chí Minh,Phường Bến Cát,**************,******,,Zalopay,0.55,身体霜、乳,1204742305298547948	,,Unchecked,,Videos,hinthor03
585182109176661783	,已发货,已送达,,Normal,1731160002233796042	,FCBL001,FOCHIER Kem Gel Dưỡng Ẩm Cơ Thể Thủy Điện 500g Với Axit Hyaluronic & Squalane Cấp Ẩm Sâu Phục Hồi Da Thường Đến Khô,Mùi hương đích thực,1,0,194544,194544,20000,103045,71499,0,28100,0,28100,,0,71499,,24/07/2026 15:45:52	,24/07/2026 15:45:54	,25/07/2026 10:18:09	,25/07/2026 11:46:21	,26/07/2026 14:37:13	,"	",,,Fulfillment by seller,VN8802,862185296201,次日达,J&T Express,,y***180925,N** ý,(+84)036*****83,Việt Nam,Vĩnh Long,Xã Càng Long,************,*************,,TikTok Shop Balance,0.55,身体霜、乳,1204714438196234007	,,Unchecked,,Product cards,
585181977343854047	,已发货,运输中,,,1735141837533578698	,FCLS001,"Serum môi Fochier đầu tuýp bạc làm mát, 12 loại dầu thực vật + 4D Hyaluronic Acid. Dưỡng ẩm sâu, khóa ẩm lâu dài, phục hồi môi khô nứt, mềm mịn căng bóng.",1 cái,1,0,0,0,0,0,0,0,0,0,0,,0,0,,24/07/2026 15:32:14	,24/07/2026 15:32:14	,25/07/2026 10:09:08	,25/07/2026 10:57:37	,"	","	",,,Fulfillment by seller,VN8802,862134006221,标准运输,J&T Express,,h***an5203,H*** A*,(+84)394****93,Việt Nam,Phú Thọ,Phường Vĩnh Phúc,****************,*********************************************,,,0.25,唇部护理,1204713687829546463	,,Unchecked,,Product cards,
585181951344215041	,已发货,已送达,,,1735141837533578698	,FCLS001,"Serum môi Fochier đầu tuýp bạc làm mát, 12 loại dầu thực vật + 4D Hyaluronic Acid. Dưỡng ẩm sâu, khóa ẩm lâu dài, phục hồi môi khô nứt, mềm mịn căng bóng.",1 cái,1,0,0,0,0,0,0,0,0,0,0,,0,0,,24/07/2026 15:32:11	,24/07/2026 15:32:11	,25/07/2026 10:09:22	,25/07/2026 11:42:20	,26/07/2026 08:54:13	,"	",,,Fulfillment by seller,VN8802,862165296201,次日达,J&T Express,,l***nglong1907,T***,(+84)090*****23,Việt Nam,Hồ Chí Minh,Phường Thới Hòa,***************,************************************,,,0.25,唇部护理,1204713450298770433	,,Unchecked,,Product cards,
585175668732364349	,已发货,已送达,,Normal,1732100503758669258	,FCSS001,"Kem Dưỡng Da Chống Nắng Cho Mặt, FOCHIER F, SPF 50 +, 50g, Làm Dịu & Dưỡng Ẩm, Thích Hợp Cho Da Nhạy Cảm Và Khô, Được Làm Bằng Portulaca Oleracea, Nhẹ Nhàng Và Nhẹ",1 gói - 50ml,1,0,90543,90543,0,48244,42299,0,24300,0,24300,,0,42299,,24/07/2026 08:16:12	,25/07/2026 20:42:08	,24/07/2026 11:16:30	,24/07/2026 11:45:51	,25/07/2026 20:42:08	,"	",,,Fulfillment by seller,VN8802,862170192011,标准运输,J&T Express,,n***djp_,N*** D***,(+84)035*****98,Việt Nam,An Giang,Xã Mỹ Thuận,***********,*****************************************,*************************************************,Cash on delivery,0.05,脸部防晒霜与晒后修复,1204657059780068925	,,Unchecked,,Product cards,
585172854643918691	,已发货,已送达,,Normal,1731146016814433738	,FCBLGREENTEE002,FOCHIER Kem Gel Dưỡng Ẩm Cơ Thể Thủy Điện 500g Với Axit Hyaluronic & Squalane Cấp Ẩm Sâu Phục Hồi Da Thường Đến Khô,Trà xanh,1,0,193980,193980,7320,102481,84179,0,38100,0,38100,,0,84179,,24/07/2026 00:40:21	,25/07/2026 17:45:43	,24/07/2026 09:09:18	,24/07/2026 10:12:45	,25/07/2026 17:45:43	,"	",,,Fulfillment by seller,VN8802,862119821121,标准运输,J&T Express,,l***oo_8,L** R*,(+84)394****31,Việt Nam,Lâm Đồng,Xã Đinh Văn Lâm Hà,******************,************************************,*********,Cash on delivery,0.55,身体霜、乳,1204636118322022243	,,Unchecked,,Videos,hinthor03
585168860721219388	,已发货,运输中,,Normal,1735141837533578698	,FCLS001,"Serum môi Fochier đầu tuýp bạc làm mát, 12 loại dầu thực vật + 4D Hyaluronic Acid. Dưỡng ẩm sâu, khóa ẩm lâu dài, phục hồi môi khô nứt, mềm mịn căng bóng.",1 cái,1,0,100894,100894,6604,18344,75946,0,32000,0,32000,,0,75946,,23/07/2026 19:39:46	,"	",24/07/2026 10:02:00	,24/07/2026 11:47:00	,"	","	",,,Fulfillment by seller,VN8802,862183640751,标准运输,J&T Express,,i***609,l* T** t**,(+84)356****96,Việt Nam,Phú Thọ,Xã Vĩnh An,**********,*********,,Cash on delivery,0.25,唇部护理,1204617373782607676	,,Unchecked,,Product cards,
585165028365075464	,已发货,已送达,,,1735141837533578698	,FCLS001,"Serum môi Fochier đầu tuýp bạc làm mát, 12 loại dầu thực vật + 4D Hyaluronic Acid. Dưỡng ẩm sâu, khóa ẩm lâu dài, phục hồi môi khô nứt, mềm mịn căng bóng.",1 cái,1,0,0,0,0,0,0,0,0,0,0,,0,0,,23/07/2026 14:57:20	,23/07/2026 14:57:20	,23/07/2026 15:37:10	,23/07/2026 16:59:56	,25/07/2026 15:27:14	,"	",,,Fulfillment by seller,VN8802,862133979550,标准运输,J&T Express,,l***m.decor,L** M* D****,(+84)941****93,Việt Nam,Hà Nội,Nam Từ Liêm,******,****,***************************,,0.25,唇部护理,1204589000169522184	,,Unchecked,,Product cards,
585165030107743704	,已发货,已送达,,,1735141837533578698	,FCLS001,"Serum môi Fochier đầu tuýp bạc làm mát, 12 loại dầu thực vật + 4D Hyaluronic Acid. Dưỡng ẩm sâu, khóa ẩm lâu dài, phục hồi môi khô nứt, mềm mịn căng bóng.",1 cái,1,0,0,0,0,0,0,0,0,0,0,,0,0,,23/07/2026 14:57:14	,23/07/2026 14:57:14	,23/07/2026 15:37:32	,23/07/2026 16:50:18	,24/07/2026 14:03:10	,"	",,,Fulfillment by seller,VN8802,862163279380,次日达,J&T Express,,m***ana1207,K*** c** m* H***,(+84)348****43,Việt Nam,Hồ Chí Minh,Xã Bàu Bàng,***********,**************,******************************************,,0.25,唇部护理,1204589190110741976	,,Unchecked,,Product cards,
585158164508018242	,已取消,已取消,Cancel,Normal,1731146016814433738	,FCBLGREENTEE002,FOCHIER Kem Gel Dưỡng Ẩm Cơ Thể Thủy Điện 500g Với Axit Hyaluronic & Squalane Cấp Ẩm Sâu Phục Hồi Da Thường Đến Khô,Trà xanh,1,1,193980,193980,0,102481,91499,8100,38100,0,30000,,0,99599,91499,23/07/2026 06:00:31	,"	","	","	","	",23/07/2026 06:02:15	,User,需要更改收货地址,Fulfillment by seller,VN8802,,标准运输,,,x***g12345,H*** t** x*,(+84)032*****64,Việt Nam,Điện Biên,Xã Sín Chải,***********,*******,,Cash on delivery,0.55,身体霜、乳,1204527281872995906	,,Unchecked,,Videos,hinthor03
585156840809465261	,已发货,已送达,,Normal,1732100503758734794	,2FCSS001,"Kem Dưỡng Da Chống Nắng Cho Mặt, FOCHIER F, SPF 50 +, 50g, Làm Dịu & Dưỡng Ẩm, Thích Hợp Cho Da Nhạy Cảm Và Khô, Được Làm Bằng Portulaca Oleracea, Nhẹ Nhàng Và Nhẹ",2 gói - 50ml*2,1,0,162978,162978,0,80840,82138,0,32000,0,32000,,0,82138,,23/07/2026 01:00:44	,24/07/2026 15:49:27	,23/07/2026 08:39:24	,23/07/2026 10:41:18	,24/07/2026 15:49:27	,"	",,,Fulfillment by seller,VN8802,862192465790,标准运输,J&T Express,,t***ha557,H* k** l***,(+84)782****97,Việt Nam,Lâm Đồng,Xã Đức Lập,**********,****************,************,Cash on delivery,0.05,脸部防晒霜与晒后修复,1204518941595305389	,,Unchecked,,Product cards,
585155555857500037	,已发货,已送达,,Normal,1731160002233796042	,FCBL001,FOCHIER Kem Gel Dưỡng Ẩm Cơ Thể Thủy Điện 500g Với Axit Hyaluronic & Squalane Cấp Ẩm Sâu Phục Hồi Da Thường Đến Khô,Mùi hương đích thực,1,0,194544,194544,0,95545,98999,0,28100,0,28100,,0,98999,,22/07/2026 22:39:52	,24/07/2026 17:00:04	,23/07/2026 09:38:34	,23/07/2026 10:23:27	,24/07/2026 17:00:04	,"	",,,Fulfillment by seller,VN8802,862131625790,标准运输,J&T Express,,k***thut07,t**,(+84)773****22,Việt Nam,An Giang,Xã Bình Hòa,***********,************************,***************************,Cash on delivery,0.55,身体霜、乳,1204512551838058373	,,Unchecked,,Product cards,
585150255722432472	,已发货,已送达,,Normal,1732375996379399626	,FCBLGREENTEE002,"Kem Dưỡng Trắng Và Sửa Chữa, FOCHIER, Dưỡng Ẩm Sâu, Thích Hợp Cho Mọi Loại Da, Chứa Niacinamide, Centella, Ectoin, Axit Hyaluronic, Lâu Trôi, Hương Hoa Tươi Mát",1 Gói (Trà Xanh),1,0,197851,197851,0,128352,69499,0,28100,0,28100,,0,69499,,22/07/2026 17:01:05	,23/07/2026 11:41:12	,22/07/2026 17:35:17	,22/07/2026 17:40:26	,23/07/2026 11:41:12	,"	",,,Fulfillment by seller,VN8802,862157884880,次日达,J&T Express,,n***ii81,v*** c** m**,(+84)086*****87,Việt Nam,Đồng Nai,Xã Nam Cát Tiên,***************,*************************************************************************************************,,Cash on delivery,0.55,身体霜、乳,1204485187744204760	,,Unchecked,,Videos,riirii1501
585149631109498451	,已发货,已送达,,Normal,1731160002233796042	,FCBL001,FOCHIER Kem Gel Dưỡng Ẩm Cơ Thể Thủy Điện 500g Với Axit Hyaluronic & Squalane Cấp Ẩm Sâu Phục Hồi Da Thường Đến Khô,Mùi hương đích thực,1,0,194544,194544,0,103045,91499,0,33200,0,33200,,0,91499,,22/07/2026 16:18:18	,23/07/2026 19:04:59	,22/07/2026 17:03:10	,22/07/2026 17:36:01	,23/07/2026 19:04:59	,"	",,,Fulfillment by seller,VN8802,862150504750,标准运输,J&T Express,,s***0252,t**,(+84)039*****62,Việt Nam,Lâm Đồng,Phường Xuân Hương - Đà Lạt,**************************,***********************************,,Cash on delivery,0.55,身体霜、乳,1204480417103840851	,,Unchecked,,Product cards,
585149618155652691	,已取消,已取消,Cancel,Normal,1731711364319118794	,2FCBL001,FOCHIER Kem Gel Dưỡng Ẩm Cơ Thể Thủy Điện 500g Với Axit Hyaluronic & Squalane Cấp Ẩm Sâu Phục Hồi Da Thường Đến Khô,2 chai | Mùi hương đích thực,1,1,345433,345433,0,174735,170698,0,33200,0,33200,,0,170698,170698,22/07/2026 16:14:55	,"	","	","	","	",22/07/2026 16:15:17	,User,预计送达时间过晚,Fulfillment by seller,VN8802,,标准运输,,,s***0252,t**,(+84)039*****62,Việt Nam,Lâm Đồng,Phường Xuân Hương - Đà Lạt,**************************,***********************************,,Cash on delivery,0.55,身体霜、乳,1204479231335171667	,,Unchecked,,Videos,meemgaoh
585148995375630320	,已发货,已送达,,,1735141837533578698	,FCLS001,"Serum môi Fochier đầu tuýp bạc làm mát, 12 loại dầu thực vật + 4D Hyaluronic Acid. Dưỡng ẩm sâu, khóa ẩm lâu dài, phục hồi môi khô nứt, mềm mịn căng bóng.",1 cái,1,0,0,0,0,0,0,0,0,0,0,,0,0,,22/07/2026 15:20:22	,22/07/2026 15:20:21	,22/07/2026 15:50:43	,22/07/2026 16:18:16	,23/07/2026 16:57:46	,"	",,,Fulfillment by seller,VN8802,862198684420,次日达,J&T Express,,e***mtaphoa,L** N*** T**** K**,(+84)097*****77,Việt Nam,Đồng Nai,Phường Trấn Biên,****************,*********************************************************************,******,,0.25,唇部护理,1204473044909131760	,,Unchecked,,Product cards,
585148996901111249	,已发货,已送达,,,1735141837533578698	,FCLS001,"Serum môi Fochier đầu tuýp bạc làm mát, 12 loại dầu thực vật + 4D Hyaluronic Acid. Dưỡng ẩm sâu, khóa ẩm lâu dài, phục hồi môi khô nứt, mềm mịn căng bóng.",1 cái,1,0,0,0,0,0,0,0,0,0,0,,0,0,,22/07/2026 15:20:13	,22/07/2026 15:20:13	,22/07/2026 15:50:13	,22/07/2026 16:22:46	,23/07/2026 15:02:05	,"	",,,Fulfillment by seller,VN8802,862166504280,次日达,J&T Express,,n***enthy494,t** m*** t**,(+84)344****47,Việt Nam,An Giang,Xã Vĩnh Điều,************,****************************************,**************************************************,,0.25,唇部护理,1204473563923514833	,,Unchecked,,Product cards,
585144204632884803	,已发货,已送达,,Normal,1732383846828705226	,3FCBLGREENTEE002,FOCHIER Kem Gel Dưỡng Ẩm Cơ Thể Thủy Điện 500g Với Axit Hyaluronic & Squalane Cấp Ẩm Sâu Phục Hồi Da Thường Đến Khô,3 chai | Trà xanh,1,0,458180,458180,0,228083,230097,0,28100,0,28100,,0,230097,,22/07/2026 09:45:35	,23/07/2026 19:30:32	,22/07/2026 11:36:08	,22/07/2026 12:12:21	,23/07/2026 19:30:32	,"	",,,Fulfillment by seller,VN8802,862118432350,次日达,J&T Express,,n***enyenbds_giatot,Y** Y**,(+84)036*****41,Việt Nam,Hồ Chí Minh,Xã Tân Nhựt,***********,***********************************************************************,,Cash on delivery,0.55,身体霜、乳,1204430889439036995	,,Unchecked,,Videos,lanithichsansale
585143717714691284	,已发货,已送达,,Normal,1731711364319118794	,2FCBL001,FOCHIER Kem Gel Dưỡng Ẩm Cơ Thể Thủy Điện 500g Với Axit Hyaluronic & Squalane Cấp Ẩm Sâu Phục Hồi Da Thường Đến Khô,2 chai | Mùi hương đích thực,1,0,345433,345433,17070,174735,153628,0,23800,0,23800,,0,153628,,22/07/2026 09:06:33	,23/07/2026 17:59:29	,22/07/2026 09:26:24	,22/07/2026 10:08:00	,23/07/2026 17:59:29	,"	",,,Fulfillment by seller,VN8802,862126431920,标准运输,J&T Express,,u***1e8mz1nv8m,t** a*,(+84)356****42,Việt Nam,Cần Thơ,Phường Vị Tân,*************,******************************,,Cash on delivery,0.55,身体霜、乳,1204425980095530196	,,Unchecked,,Videos,hinthor03
585135239585957298	,已发货,已送达,,Normal,1731160002233796042	,FCBL001,FOCHIER Kem Gel Dưỡng Ẩm Cơ Thể Thủy Điện 500g Với Axit Hyaluronic & Squalane Cấp Ẩm Sâu Phục Hồi Da Thường Đến Khô,Mùi hương đích thực,1,0,194544,194544,0,95545,98999,13200,33200,0,20000,,0,112199,,21/07/2026 18:45:01	,23/07/2026 19:18:42	,22/07/2026 11:06:49	,22/07/2026 11:50:51	,23/07/2026 19:18:42	,"	",,,Fulfillment by seller,VN8802,862139280590,标准运输,J&T Express,,3***8763737,H**** t** t*** u***,(+84)090*****34,Việt Nam,Tỉnh Khánh Hoà,Nha Trang,***********,**********************,,Cash on delivery,0.55,身体霜、乳,1204374797620381106	,,Unchecked,,Product cards,
585132077425919150	,已发货,已送达,,,1735141837533578698	,FCLS001,"Serum môi Fochier đầu tuýp bạc làm mát, 12 loại dầu thực vật + 4D Hyaluronic Acid. Dưỡng ẩm sâu, khóa ẩm lâu dài, phục hồi môi khô nứt, mềm mịn căng bóng.",1 cái,1,0,0,0,0,0,0,0,0,0,0,,0,0,,21/07/2026 14:38:16	,21/07/2026 14:38:16	,21/07/2026 15:20:59	,21/07/2026 16:25:01	,24/07/2026 10:09:44	,"	",,,Fulfillment by seller,VN8802,862096138919,标准运输,J&T Express,,m***ong.bang,L* T** T* O***,(+84)978****20,Việt Nam,Thanh Hóa,Phường Sầm Sơn,**************,****************************,,,0.25,唇部护理,1204348223820367022	,,Unchecked,,Product cards,
585132014118930357	,已发货,已送达,,,1735141837533578698	,FCLS001,"Serum môi Fochier đầu tuýp bạc làm mát, 12 loại dầu thực vật + 4D Hyaluronic Acid. Dưỡng ẩm sâu, khóa ẩm lâu dài, phục hồi môi khô nứt, mềm mịn căng bóng.",1 cái,1,0,0,0,0,0,0,0,0,0,0,,0,0,,21/07/2026 14:35:23	,21/07/2026 14:35:23	,21/07/2026 15:21:12	,21/07/2026 16:09:58	,22/07/2026 16:27:38	,"	",,,Fulfillment by seller,VN8802,862067108839,次日达,J&T Express,,l***iyen.com,Y** L*,(+84)096*****23,Việt Nam,Kiên Giang,An Minh,**********,***************,,,0.25,唇部护理,1204347777013155765	,,Unchecked,,Product cards,
585131493141677082	,已发货,已送达,,Normal,1731160002233796042	,FCBL001,FOCHIER Kem Gel Dưỡng Ẩm Cơ Thể Thủy Điện 500g Với Axit Hyaluronic & Squalane Cấp Ẩm Sâu Phục Hồi Da Thường Đến Khô,Mùi hương đích thực,1,0,194544,194544,0,95545,98999,3100,28100,0,25000,,0,102099,,21/07/2026 13:57:54	,22/07/2026 11:52:52	,21/07/2026 14:44:43	,21/07/2026 16:22:26	,22/07/2026 11:52:52	,"	",,,Fulfillment by seller,VN8802,862037638689,次日达,J&T Express,,n***.thn6,N*** T***,(+84)365****76,Việt Nam,An Giang,Xã Vĩnh Trạch,*************,*****************,,Cash on delivery,0.55,身体霜、乳,1204343202953200666	,,Unchecked,,Product cards,
585125468947515206	,已发货,已送达,,Normal,1735141837533578698	,FCLS001,"Serum môi Fochier đầu tuýp bạc làm mát, 12 loại dầu thực vật + 4D Hyaluronic Acid. Dưỡng ẩm sâu, khóa ẩm lâu dài, phục hồi môi khô nứt, mềm mịn căng bóng.",1 cái,1,0,100894,100894,0,18344,82550,4300,24300,0,20000,,0,86850,,21/07/2026 05:51:44	,22/07/2026 13:11:57	,21/07/2026 08:49:18	,21/07/2026 10:14:11	,22/07/2026 13:11:57	,"	",,,Fulfillment by seller,VN8802,862051835409,次日达,J&T Express,,t***e10,T** H*,(+84)349****12,Việt Nam,Bình Dương,Bến Cát,********,******************************,,Cash on delivery,0.25,唇部护理,1204289410661058374	,,Unchecked,,Videos,phamphuongnga868
585124633683003174	,已发货,已送达,,Normal,1731160002233796042	,FCBL001,FOCHIER Kem Gel Dưỡng Ẩm Cơ Thể Thủy Điện 500g Với Axit Hyaluronic & Squalane Cấp Ẩm Sâu Phục Hồi Da Thường Đến Khô,Mùi hương đích thực,1,0,194544,194544,5486,103045,86013,0,38100,0,38100,,0,86013,,21/07/2026 02:16:09	,23/07/2026 15:46:57	,21/07/2026 08:52:21	,21/07/2026 10:16:35	,23/07/2026 15:46:57	,"	",,,Fulfillment by seller,VN8802,862077015399,标准运输,J&T Express,,n***entu21128,n***** t*,(+84)965****25,Việt Nam,Phú Thọ,Xã Vĩnh Tường,*************,********************************************,,Cash on delivery,0.55,身体霜、乳,1204283774381098790	,,Unchecked,,Product cards,
585122861311231510	,已取消,已取消,Cancel,Normal,1731146016814433738	,FCBLGREENTEE002,FOCHIER Kem Gel Dưỡng Ẩm Cơ Thể Thủy Điện 500g Với Axit Hyaluronic & Squalane Cấp Ẩm Sâu Phục Hồi Da Thường Đến Khô,Trà xanh,1,1,193980,193980,0,102481,91499,0,23800,0,23800,,0,91499,91499,20/07/2026 22:27:21	,"	","	","	","	",20/07/2026 22:30:28	,User,不想要了,Fulfillment by seller,VN8802,,次日达,,,t***0709215,T***,(+84)377****24,Việt Nam,Hồ Chí Minh,Phường Thủ Dầu Một,******************,***********************************************,,Cash on delivery,0.55,身体霜、乳,1204274135592109590	,,Unchecked,,Videos,meemgaoh
585122325658174584	,已发货,已送达,,Normal,1733033835952244170	,3FCBLBO300,"Kem Dưỡng Trắng Và Sửa Chữa, FOCHIER, Dưỡng Ẩm Sâu, Thích Hợp Cho Mọi Loại Da, Chứa Niacinamide, Centella, Ectoin, Axit Hyaluronic, Lâu Trôi, Hương Hoa Tươi Mát",3 gói (Midnight Obsession 300ml),1,0,157092,157092,20000,78192,58900,0,38100,0,38100,,0,58900,,20/07/2026 21:52:51	,24/07/2026 15:03:19	,21/07/2026 08:41:02	,21/07/2026 10:03:48	,24/07/2026 15:03:19	,"	",,,Fulfillment by seller,VN8802,862096165389,标准运输,J&T Express,,u***11770544,Đ* D***,(+84)983****35,Việt Nam,Ninh Bình,Xã Hải Anh,**********,***********,,Cash on delivery,0.55,身体霜、乳,1204271723035722872	,,Unchecked,,Product cards,
585120530981881551	,已发货,已送达,,Normal,1732383846828639690	,2FCBLGREENTEE002,FOCHIER Kem Gel Dưỡng Ẩm Cơ Thể Thủy Điện 500g Với Axit Hyaluronic & Squalane Cấp Ẩm Sâu Phục Hồi Da Thường Đến Khô,2 chai | Trà xanh,1,0,345433,345433,0,174735,170698,0,23800,0,23800,,0,170698,,20/07/2026 19:59:40	,23/07/2026 17:52:16	,21/07/2026 08:33:11	,21/07/2026 10:03:48	,23/07/2026 17:52:16	,"	",,,Fulfillment by seller,VN8802,862049394459,次日达,J&T Express,,n***c039,N*** A**,(+84)706****79,Việt Nam,Đồng Tháp,Phường Trung An,***************,****************,**********************************************************,Cash on delivery,0.55,身体霜、乳,1204262023362610895	,,Unchecked,,Videos,tranggrevieww
585117438844765945	,已发货,已送达,,,1735141837533578698	,FCLS001,"Serum môi Fochier đầu tuýp bạc làm mát, 12 loại dầu thực vật + 4D Hyaluronic Acid. Dưỡng ẩm sâu, khóa ẩm lâu dài, phục hồi môi khô nứt, mềm mịn căng bóng.",1 cái,1,0,0,0,0,0,0,0,0,0,0,,0,0,,20/07/2026 16:11:26	,20/07/2026 16:11:26	,20/07/2026 17:05:19	,20/07/2026 17:18:27	,21/07/2026 10:53:04	,"	",,,Fulfillment by seller,VN8802,862097484059,次日达,J&T Express,,s***mevabeeee,t***,(+84)090*****13,Việt Nam,Hồ Chí Minh,Phường Tăng Nhơn Phú,********************,****************,,,0.25,唇部护理,1204240238704101113	,,Unchecked,,Product cards,
585117438336926896	,已发货,已送达,,,1735141837533578698	,FCLS001,"Serum môi Fochier đầu tuýp bạc làm mát, 12 loại dầu thực vật + 4D Hyaluronic Acid. Dưỡng ẩm sâu, khóa ẩm lâu dài, phục hồi môi khô nứt, mềm mịn căng bóng.",1 cái,1,0,0,0,0,0,0,0,0,0,0,,0,0,,20/07/2026 16:11:12	,20/07/2026 16:11:12	,20/07/2026 17:02:58	,20/07/2026 17:18:26	,23/07/2026 11:28:58	,"	",,,Fulfillment by seller,VN8802,862087224009,标准运输,J&T Express,,l***linh061998,L*** L***,(+84)968****39,Việt Nam,Phú Thọ,Phường Việt Trì,***************,**********************************,,,0.25,唇部护理,1204240642246739120	,,Unchecked,,Product cards,
585114883132851765	,已发货,已送达,,Normal,1731160002233796042	,FCBL001,FOCHIER Kem Gel Dưỡng Ẩm Cơ Thể Thủy Điện 500g Với Axit Hyaluronic & Squalane Cấp Ẩm Sâu Phục Hồi Da Thường Đến Khô,Mùi hương đích thực,1,0,194544,194544,29700,95545,69299,0,28100,0,28100,,0,69299,,20/07/2026 13:00:10	,21/07/2026 10:15:27	,20/07/2026 14:11:50	,20/07/2026 16:21:47	,21/07/2026 10:15:27	,"	",,,Fulfillment by seller,VN8802,862019582479,次日达,J&T Express,,b***hngocc666,B*** N***,(+84)082*****44,Việt Nam,Cần Thơ,Phường Vĩnh Châu,****************,****************,,Cash on delivery,0.55,身体霜、乳,1204215764290471477	,,Unchecked,,Product cards,
585110181927814821	,已发货,已送达,,Normal,1731160002233796042	,FCBL001,FOCHIER Kem Gel Dưỡng Ẩm Cơ Thể Thủy Điện 500g Với Axit Hyaluronic & Squalane Cấp Ẩm Sâu Phục Hồi Da Thường Đến Khô,Mùi hương đích thực,1,0,194544,194544,0,95545,98999,0,28100,0,28100,,0,98999,,20/07/2026 06:22:14	,22/07/2026 13:42:49	,20/07/2026 09:30:21	,20/07/2026 10:18:23	,22/07/2026 13:42:49	,"	",,,Fulfillment by seller,VN8802,862024139308,次日达,J&T Express,,b***ng2709,B** G****,(+84)036*****31,Việt Nam,Đồng Tháp,Xã Long Phú Thuận,*****************,*************************,,Cash on delivery,0.55,身体霜、乳,1204164496433710757	,,Unchecked,,Product cards,
